MultiPrim;3DIM;SANTOS;GrafosGrid;Conjunto8;18.gridanticorr2.tree;18;25;0;0;0.000030;0.014201;0.014000;598;23662;22674;0;940;5519;htc-cmp002;Wed Apr  5 12:17:13 2023
MultiPrim;3DIM;SANTOS;GrafosGrid;Conjunto8;6.gridanticorr3.tree;6;7;0;0;0.000011;0.000020;0.000000;14;44;25;0;19;51;htc-cmp002;Wed Apr  5 12:17:14 2023
MultiPrim;3DIM;SANTOS;GrafosGrid;Conjunto8;12.gridanticorr2.tree;12;16;1;0;0.000020;0.000449;0.000000;143;1138;1011;0;119;535;htc-cmp002;Wed Apr  5 12:17:14 2023
MultiPrim;3DIM;SANTOS;GrafosGrid;Conjunto8;12.gridanticorr1.tree;12;16;4;0;0.000020;0.000115;0.000000;54;267;223;0;43;181;htc-cmp002;Wed Apr  5 12:17:14 2023
MultiPrim;3DIM;SANTOS;GrafosGrid;Conjunto8;18.gridanticorr3.tree;18;25;0;0;0.000032;0.091416;0.092000;797;79973;76095;0;3726;30373;htc-cmp002;Wed Apr  5 12:17:15 2023
MultiPrim;3DIM;SANTOS;GrafosGrid;Conjunto8;20.gridanticorr2.tree;20;28;2;0;0.000035;0.035457;0.036000;423;41350;38639;0;2384;16295;htc-cmp002;Wed Apr  5 12:17:15 2023
MultiPrim;3DIM;SANTOS;GrafosGrid;Conjunto8;18.gridanticorr1.tree;18;25;4;0;0.000030;0.002008;0.002000;153;4031;3592;0;434;2177;htc-cmp002;Wed Apr  5 12:17:16 2023
MultiPrim;3DIM;SANTOS;GrafosGrid;Conjunto8;6.gridanticorr2.tree;6;7;1;0;0.000011;0.000012;0.000000;10;26;14;0;12;30;htc-cmp002;Wed Apr  5 12:17:17 2023
MultiPrim;3DIM;SANTOS;GrafosGrid;Conjunto8;12.gridanticorr3.tree;12;16;1;0;0.000022;0.000577;0.000000;128;1379;1202;0;177;905;htc-cmp002;Wed Apr  5 12:17:19 2023
MultiPrim;3DIM;SANTOS;GrafosGrid;Conjunto8;20.gridanticorr3.tree;20;28;0;0;0.000035;0.338798;0.342000;1194;235541;227665;0;7545;65381;htc-cmp002;Wed Apr  5 12:17:19 2023
MultiPrim;3DIM;SANTOS;GrafosGrid;Conjunto8;20.gridanticorr1.tree;20;28;2;0;0.000036;0.036492;0.037000;399;42371;38818;0;2741;16877;htc-cmp002;Wed Apr  5 12:17:19 2023
MultiPrim;3DIM;SANTOS;GrafosGrid;Conjunto8;6.gridanticorr1.tree;6;7;1;0;0.000015;0.000012;0.000000;10;26;14;0;12;27;htc-cmp002;Wed Apr  5 12:17:19 2023
MultiPrim;3DIM;SANTOS;GrafosGrid;Conjunto8;27.gridanticorr1.tree;27;42;4;1;0.000055;5.343885;5.379000;818;1294042;1248921;0;37459;270064;htc-cmp002;Wed Apr  5 12:17:20 2023
MultiPrim;3DIM;SANTOS;GrafosGrid;Conjunto8;24.gridanticorr1.tree;24;38;1;0;0.000053;3.875140;3.910000;1229;1112894;1061899;0;42855;283270;htc-cmp002;Wed Apr  5 12:17:22 2023
MultiPrim;3DIM;SANTOS;GrafosGrid;Conjunto7;18.gridanticorr2.tree;18;25;1;0;0.000031;0.018636;0.019000;336;26407;24916;0;1487;9160;htc-cmp002;Wed Apr  5 12:17:22 2023
MultiPrim;3DIM;SANTOS;GrafosGrid;Conjunto7;6.gridanticorr3.tree;6;7;0;0;0.000012;0.000022;0.000000;14;44;25;0;19;51;htc-cmp002;Wed Apr  5 12:17:22 2023
MultiPrim;3DIM;SANTOS;GrafosGrid;Conjunto7;12.gridanticorr2.tree;12;16;0;0;0.000024;0.000358;0.000000;83;743;568;0;173;733;htc-cmp002;Wed Apr  5 12:17:23 2023
MultiPrim;3DIM;SANTOS;GrafosGrid;Conjunto8;30.gridanticorr1.tree;30;47;5;1;0.000192;17.105167;17.219000;1517;3041321;2948447;0;75260;578253;htc-cmp002;Wed Apr  5 12:17:30 2023
MultiPrim;3DIM;SANTOS;GrafosGrid;Conjunto7;27.gridanticorr1.tree;27;42;5;2;0.000065;1.100904;1.116000;682;371864;352464;0;16002;111925;htc-cmp002;Wed Apr  5 12:17:32 2023
MultiPrim;3DIM;SANTOS;GrafosGrid;Conjunto7;12.gridanticorr1.tree;12;16;3;1;0.000022;0.000086;0.000000;24;185;114;0;63;188;htc-cmp002;Wed Apr  5 12:17:33 2023
MultiPrim;3DIM;SANTOS;GrafosGrid;Conjunto8;38.gridanticorr1.tree;38;55;8;1;0.000079;16.701227;19.203000;1293;3345558;3245837;0;70812;602136;htc-cmp002;Wed Apr  5 12:17:40 2023
MultiPrim;3DIM;SANTOS;GrafosGrid;Conjunto7;18.gridanticorr3.tree;18;25;1;0;0.000031;0.056381;0.057000;645;57992;55127;0;2786;23781;htc-cmp002;Wed Apr  5 12:17:45 2023
MultiPrim;3DIM;SANTOS;GrafosGrid;Conjunto7;20.gridanticorr2.tree;20;28;0;0;0.000038;0.046443;0.049000;447;52449;48856;0;3121;19482;htc-cmp002;Wed Apr  5 12:17:45 2023
MultiPrim;3DIM;SANTOS;GrafosGrid;Conjunto7;18.gridanticorr1.tree;18;25;5;0;0.000028;0.000859;0.000000;118;1859;1619;0;212;947;htc-cmp002;Wed Apr  5 12:17:46 2023
MultiPrim;3DIM;SANTOS;GrafosGrid;Conjunto7;24.gridanticorr2.tree;24;38;2;0;0.000052;36.582604;36.650000;2044;6599859;6438871;0;150913;1546092;htc-cmp002;Wed Apr  5 12:18:00 2023
MultiPrim;3DIM;SANTOS;GrafosGrid;Conjunto7;6.gridanticorr2.tree;6;7;1;0;0.000011;0.000013;0.000000;10;26;14;0;12;30;htc-cmp002;Wed Apr  5 12:18:07 2023
MultiPrim;3DIM;SANTOS;GrafosGrid;Conjunto7;33.gridanticorr1.tree;33;52;4;0;0.000073;39.855863;41.207000;2790;8330909;8204374;0;86885;599356;htc-cmp002;Wed Apr  5 12:18:49 2023
MultiPrim;3DIM;SANTOS;GrafosGrid;Conjunto7;24.gridanticorr1.tree;24;38;2;1;0.000049;0.321104;0.333000;433;216717;202946;0;12406;67948;htc-cmp002;Wed Apr  5 12:18:51 2023
MultiPrim;3DIM;SANTOS;GrafosGrid;Conjunto7;30.gridanticorr1.tree;30;47;1;1;0.000065;107.930546;109.306000;1601;16103866;15792432;0;304772;2917932;htc-cmp002;Wed Apr  5 12:19:10 2023
MultiPrim;3DIM;SANTOS;GrafosGrid;Conjunto7;20.gridanticorr3.tree;20;28;0;0;0.000035;0.070453;0.073000;621;78362;75281;0;2911;22143;htc-cmp002;Wed Apr  5 12:19:12 2023
MultiPrim;3DIM;SANTOS;GrafosGrid;Conjunto7;12.gridanticorr3.tree;12;16;1;0;0.000023;0.000715;0.000000;126;1629;1410;0;219;1170;htc-cmp002;Wed Apr  5 12:19:13 2023
MultiPrim;3DIM;SANTOS;GrafosGrid;Conjunto8;30.gridanticorr2.tree;30;47;1;0;0.000059;115.522442;116.891000;1382;18526241;18197223;0;319025;2960745;htc-cmp002;Wed Apr  5 12:19:15 2023
MultiPrim;3DIM;SANTOS;GrafosGrid;Conjunto7;20.gridanticorr1.tree;20;28;6;1;0.000030;0.001738;0.001000;224;3914;3640;0;225;1083;htc-cmp002;Wed Apr  5 12:19:18 2023
MultiPrim;3DIM;SANTOS;GrafosGrid;Conjunto7;38.gridanticorr1.tree;38;55;8;1;0.000070;0.291834;2.762000;913;263996;259294;0;3768;20699;htc-cmp002;Wed Apr  5 12:19:17 2023
MultiPrim;3DIM;SANTOS;GrafosGrid;Conjunto7;6.gridanticorr1.tree;6;7;2;0;0.000015;0.000009;0.000000;7;18;10;0;8;20;htc-cmp002;Wed Apr  5 12:19:19 2023
MultiPrim;3DIM;SANTOS;GrafosGrid;Conjunto8;24.gridanticorr2.tree;24;38;0;0;0.000051;168.264701;168.478000;3949;20581645;20214810;0;358901;4018686;htc-cmp002;Wed Apr  5 12:20:03 2023
MultiPrim;3DIM;SANTOS;GrafosGrid;Conjunto9;18.gridanticorr2.tree;18;25;1;0;0.000032;0.010686;0.011000;337;16384;15099;0;1262;7955;htc-cmp002;Wed Apr  5 12:20:04 2023
MultiPrim;3DIM;SANTOS;GrafosGrid;Conjunto9;6.gridanticorr3.tree;6;7;0;0;0.000010;0.000020;0.000000;15;45;25;0;19;51;htc-cmp002;Wed Apr  5 12:20:05 2023
MultiPrim;3DIM;SANTOS;GrafosGrid;Conjunto9;12.gridanticorr2.tree;12;16;1;1;0.000021;0.000214;0.000000;61;523;415;0;105;382;htc-cmp002;Wed Apr  5 12:20:05 2023
MultiPrim;3DIM;SANTOS;GrafosGrid;Conjunto7;27.gridanticorr2.tree;27;42;1;0;0.000056;111.046471;111.352000;3065;16747347;16408262;0;309442;2940217;htc-cmp002;Wed Apr  5 12:20:10 2023
MultiPrim;3DIM;SANTOS;GrafosGrid;Conjunto9;24.gridanticorr2.tree;24;38;1;0;0.000049;8.914870;8.965000;1232;2288736;2196127;0;84812;715941;htc-cmp002;Wed Apr  5 12:20:14 2023
MultiPrim;3DIM;SANTOS;GrafosGrid;Conjunto9;12.gridanticorr1.tree;12;16;2;0;0.000022;0.000212;0.000000;51;461;356;0;101;401;htc-cmp002;Wed Apr  5 12:20:15 2023
MultiPrim;3DIM;SANTOS;GrafosGrid;Conjunto9;27.gridanticorr1.tree;27;42;3;1;0.000055;4.559851;4.614000;910;1376214;1331225;0;36762;250580;htc-cmp002;Wed Apr  5 12:20:17 2023
MultiPrim;3DIM;SANTOS;GrafosGrid;Conjunto8;33.gridanticorr1.tree;33;52;2;3;0.000078;187.609227;193.107000;3251;23318235;22878046;0;417103;3716112;htc-cmp002;Wed Apr  5 12:20:34 2023
MultiPrim;3DIM;SANTOS;GrafosGrid;Conjunto9;18.gridanticorr3.tree;18;25;0;0;0.000029;0.073399;0.074000;989;73842;69967;0;3848;31725;htc-cmp002;Wed Apr  5 12:20:39 2023
MultiPrim;3DIM;SANTOS;GrafosGrid;Conjunto9;20.gridanticorr2.tree;20;28;0;0;0.000033;0.098914;0.102000;629;88626;84199;0;4254;29759;htc-cmp002;Wed Apr  5 12:20:40 2023
MultiPrim;3DIM;SANTOS;GrafosGrid;Conjunto9;18.gridanticorr1.tree;18;25;6;0;0.000029;0.001668;0.001000;123;3001;2629;0;367;2250;htc-cmp002;Wed Apr  5 12:20:40 2023
MultiPrim;3DIM;SANTOS;GrafosGrid;Conjunto9;36.gridanticorr1.tree;36;57;7;3;0.000083;36.807168;38.221000;1669;7043177;6810014;0;209734;1648335;htc-cmp002;Wed Apr  5 12:20:56 2023
MultiPrim;3DIM;SANTOS;GrafosGrid;Conjunto8;27.gridanticorr2.tree;27;42;1;0;0.000156;219.642185;219.999000;3572;27935796;27526043;0;393609;4580119;htc-cmp002;Wed Apr  5 12:20:57 2023
MultiPrim;3DIM;SANTOS;GrafosGrid;Conjunto8;36.gridanticorr1.tree;36;57;3;1;0.000089;205.077039;226.444000;2161;27149699;26832158;0;307170;2539003;htc-cmp002;Wed Apr  5 12:21:15 2023
MultiPrim;3DIM;SANTOS;GrafosGrid;Conjunto9;38.gridanticorr2.tree;38;55;8;0;0.000071;36.226987;38.904000;3171;8466224;8360928;0;99393;877224;htc-cmp002;Wed Apr  5 12:21:28 2023
MultiPrim;3DIM;SANTOS;GrafosGrid;Conjunto9;6.gridanticorr2.tree;6;7;1;0;0.000011;0.000011;0.000000;8;24;12;0;11;25;htc-cmp002;Wed Apr  5 12:21:30 2023
MultiPrim;3DIM;SANTOS;GrafosGrid;Conjunto7;24.gridanticorr3.tree;24;38;0;0;0.000050;238.492032;238.733000;4389;33939028;33513696;0;421893;5357297;htc-cmp002;Wed Apr  5 12:21:45 2023
MultiPrim;3DIM;SANTOS;GrafosGrid;Conjunto8;24.gridanticorr3.tree;24;38;0;0;0.000051;314.721821;314.992000;5672;39411104;38973386;0;435264;5770466;htc-cmp002;Wed Apr  5 12:22:31 2023
MultiPrim;3DIM;SANTOS;GrafosGrid;Conjunto9;30.gridanticorr1.tree;30;47;3;1;0.000061;185.739616;186.183000;2508;23356111;22903789;0;421707;4197403;htc-cmp002;Wed Apr  5 12:22:30 2023
MultiPrim;3DIM;SANTOS;GrafosGrid;Conjunto9;24.gridanticorr1.tree;24;38;6;1;0.000049;0.138603;0.139000;569;105585;99716;0;5291;36086;htc-cmp002;Wed Apr  5 12:22:34 2023
MultiPrim;3DIM;SANTOS;GrafosGrid;Conjunto9;20.gridanticorr3.tree;20;28;0;0;0.000040;0.422044;0.426000;1270;258877;249540;0;8987;81105;htc-cmp002;Wed Apr  5 12:23:06 2023
MultiPrim;3DIM;SANTOS;GrafosGrid;Conjunto9;12.gridanticorr3.tree;12;16;0;0;0.000021;0.001124;0.001000;172;2439;2142;0;287;1541;htc-cmp002;Wed Apr  5 12:23:06 2023
MultiPrim;3DIM;SANTOS;GrafosGrid;Conjunto9;27.gridanticorr2.tree;27;42;2;0;0.000052;147.747214;147.995000;2877;21859318;21477209;0;354523;3854913;htc-cmp002;Wed Apr  5 12:24:15 2023
MultiPrim;3DIM;SANTOS;GrafosGrid;Conjunto9;20.gridanticorr1.tree;20;28;6;0;0.000034;0.007441;0.007000;243;11582;10831;0;737;4683;htc-cmp002;Wed Apr  5 12:24:16 2023
MultiPrim;3DIM;SANTOS;GrafosGrid;Conjunto9;24.gridanticorr3.tree;24;38;0;0;0.000048;197.098649;197.347000;3233;27264776;26859929;0;399917;5036499;htc-cmp002;Wed Apr  5 12:24:15 2023
MultiPrim;3DIM;SANTOS;GrafosGrid;Conjunto9;6.gridanticorr1.tree;6;7;2;0;0.000013;0.000009;0.000000;6;15;7;0;8;17;htc-cmp002;Wed Apr  5 12:24:17 2023
MultiPrim;3DIM;SANTOS;GrafosGrid;Conjunto6;30.gridanticorr1.tree;30;47;6;2;0.000068;2.523672;2.566000;999;1017249;996719;0;18721;122639;htc-cmp002;Wed Apr  5 12:24:52 2023
MultiPrim;3DIM;SANTOS;GrafosGrid;Conjunto6;18.gridanticorr2.tree;18;25;0;0;0.000029;0.017386;0.017000;373;25290;23478;0;1606;10325;htc-cmp002;Wed Apr  5 12:25:28 2023
MultiPrim;3DIM;SANTOS;GrafosGrid;Conjunto6;6.gridanticorr3.tree;6;7;0;0;0.000011;0.000019;0.000000;14;44;25;0;19;51;htc-cmp002;Wed Apr  5 12:25:29 2023
MultiPrim;3DIM;SANTOS;GrafosGrid;Conjunto6;12.gridanticorr2.tree;12;16;1;0;0.000019;0.000339;0.000000;75;770;619;0;137;534;htc-cmp002;Wed Apr  5 12:25:29 2023
MultiPrim;3DIM;SANTOS;GrafosGrid;Conjunto6;27.gridanticorr1.tree;27;42;2;0;0.000057;32.287152;32.459000;1375;6476587;6259081;0;211096;1873059;htc-cmp002;Wed Apr  5 12:26:02 2023
MultiPrim;3DIM;SANTOS;GrafosGrid;Conjunto6;12.gridanticorr1.tree;12;16;4;1;0.000024;0.000078;0.000000;22;144;101;0;38;129;htc-cmp002;Wed Apr  5 12:26:03 2023
MultiPrim;3DIM;SANTOS;GrafosGrid;Conjunto9;38.gridanticorr1.tree;38;55;5;0;0.000078;131.736194;153.034000;2691;16920136;16542999;0;358786;3114786;htc-cmp002;Wed Apr  5 12:25:52 2023
MultiPrim;3DIM;SANTOS;GrafosGrid;Conjunto6;18.gridanticorr3.tree;18;25;1;0;0.000029;0.020453;0.021000;351;27985;26095;0;1854;12930;htc-cmp002;Wed Apr  5 12:26:36 2023
MultiPrim;3DIM;SANTOS;GrafosGrid;Conjunto6;20.gridanticorr2.tree;20;28;0;0;0.000034;0.105311;0.108000;909;102078;96997;0;4892;36976;htc-cmp002;Wed Apr  5 12:26:36 2023
MultiPrim;3DIM;SANTOS;GrafosGrid;Conjunto6;18.gridanticorr1.tree;18;25;4;0;0.000032;0.003491;0.003000;171;5934;5333;0;578;3185;htc-cmp002;Wed Apr  5 12:26:36 2023
MultiPrim;3DIM;SANTOS;GrafosGrid;Conjunto6;24.gridanticorr2.tree;24;38;0;0;0.000050;91.616510;91.783000;2459;13746468;13472744;0;268200;2780293;htc-cmp002;Wed Apr  5 12:27:01 2023
MultiPrim;3DIM;SANTOS;GrafosGrid;Conjunto9;33.gridanticorr1.tree;33;52;2;0;0.000071;373.681921;379.286000;3678;46042421;45255879;0;708992;6309593;htc-cmp002;Wed Apr  5 12:27:52 2023
MultiPrim;3DIM;SANTOS;GrafosGrid;Conjunto7;30.gridanticorr2.tree;30;47;0;0;0.000062;588.702304;591.861000;2431;70078324;69073848;0;942848;9637284;htc-cmp002;Wed Apr  5 12:28:21 2023
MultiPrim;3DIM;SANTOS;GrafosGrid;Conjunto6;6.gridanticorr2.tree;6;7;1;0;0.000014;0.000012;0.000000;10;26;14;0;12;29;htc-cmp002;Wed Apr  5 12:30:19 2023
MultiPrim;3DIM;SANTOS;GrafosGrid;Conjunto6;36.gridanticorr1.tree;36;57;5;1;0.000078;308.262443;313.746000;5081;36009100;35518155;0;420890;3689440;htc-cmp002;Wed Apr  5 12:31:22 2023
MultiPrim;3DIM;SANTOS;GrafosGrid;Conjunto6;24.gridanticorr3.tree;24;38;0;0;0.000048;274.302596;274.581000;4647;34643141;34206938;0;432188;5737494;htc-cmp002;Wed Apr  5 12:32:09 2023
MultiPrim;3DIM;SANTOS;GrafosGrid;Conjunto6;24.gridanticorr1.tree;24;38;4;1;0.000046;0.799889;0.806000;741;400763;384191;0;16085;113624;htc-cmp002;Wed Apr  5 12:32:12 2023
MultiPrim;3DIM;SANTOS;GrafosGrid;Conjunto6;12.gridanticorr3.tree;12;16;0;0;0.000022;0.000839;0.000000;186;1777;1586;0;187;933;htc-cmp002;Wed Apr  5 12:32:43 2023
MultiPrim;3DIM;SANTOS;GrafosGrid;Conjunto6;20.gridanticorr3.tree;20;28;0;0;0.000033;0.382337;0.386000;1081;246698;238226;0;8253;76676;htc-cmp002;Wed Apr  5 12:32:44 2023
MultiPrim;3DIM;SANTOS;GrafosGrid;Conjunto6;20.gridanticorr1.tree;20;28;4;0;0.000033;0.001394;0.001000;198;3273;2979;0;222;885;htc-cmp002;Wed Apr  5 12:32:44 2023
MultiPrim;3DIM;SANTOS;GrafosGrid;Conjunto6;27.gridanticorr2.tree;27;42;1;0;0.000056;93.697584;94.061000;1301;14036265;13584993;0;443920;4564342;htc-cmp002;Wed Apr  5 12:33:02 2023
MultiPrim;3DIM;SANTOS;GrafosGrid;Conjunto6;6.gridanticorr1.tree;6;7;2;0;0.000011;0.000007;0.000000;6;15;6;0;7;14;htc-cmp002;Wed Apr  5 12:33:04 2023
MultiPrim;3DIM;SANTOS;GrafosGrid;Conjunto6;30.gridanticorr2.tree;30;47;2;0;0.000062;91.576286;92.339000;1778;16372559;16055827;0;312870;3144997;htc-cmp002;Wed Apr  5 12:33:31 2023
MultiPrim;3DIM;SANTOS;GrafosGrid;Conjunto5;30.gridanticorr1.tree;30;47;7;2;0.000061;0.907166;0.930000;1171;458183;440236;0;16793;117709;htc-cmp002;Wed Apr  5 12:33:34 2023
MultiPrim;3DIM;SANTOS;GrafosGrid;Conjunto5;18.gridanticorr2.tree;18;25;4;0;0.000027;0.006108;0.006000;248;10949;10079;0;804;4643;htc-cmp002;Wed Apr  5 12:33:37 2023
MultiPrim;3DIM;SANTOS;GrafosGrid;Conjunto5;6.gridanticorr3.tree;6;7;0;0;0.000012;0.000020;0.000000;12;41;20;0;19;48;htc-cmp002;Wed Apr  5 12:33:37 2023
MultiPrim;3DIM;SANTOS;GrafosGrid;Conjunto5;12.gridanticorr2.tree;12;16;1;0;0.000021;0.000285;0.000000;72;716;597;0;112;465;htc-cmp002;Wed Apr  5 12:33:37 2023
MultiPrim;3DIM;SANTOS;GrafosGrid;Conjunto5;24.gridanticorr2.tree;24;38;0;0;0.000050;29.488334;29.604000;1807;6095137;5905943;0;172570;1644626;htc-cmp002;Wed Apr  5 12:34:07 2023
MultiPrim;3DIM;SANTOS;GrafosGrid;Conjunto6;38.gridanticorr1.tree;38;55;5;0;0.000074;58.956190;80.191000;1972;10537115;10422398;0;106661;935377;htc-cmp002;Wed Apr  5 12:34:16 2023
MultiPrim;3DIM;SANTOS;GrafosGrid;Conjunto5;12.gridanticorr1.tree;12;16;1;0;0.000022;0.000212;0.000000;38;442;314;0;117;395;htc-cmp002;Wed Apr  5 12:34:28 2023
MultiPrim;3DIM;SANTOS;GrafosGrid;Conjunto5;27.gridanticorr1.tree;27;42;0;0;0.000057;40.268959;40.698000;2145;7885761;7657966;0;214043;1664060;htc-cmp002;Wed Apr  5 12:34:49 2023
MultiPrim;3DIM;SANTOS;GrafosGrid;Conjunto5;18.gridanticorr3.tree;18;25;1;0;0.000035;0.035324;0.036000;841;46261;43959;0;2202;17811;htc-cmp002;Wed Apr  5 12:35:00 2023
MultiPrim;3DIM;SANTOS;GrafosGrid;Conjunto5;20.gridanticorr2.tree;20;28;1;0;0.000034;0.018590;0.019000;307;28218;25812;0;2113;12555;htc-cmp002;Wed Apr  5 12:35:00 2023
MultiPrim;3DIM;SANTOS;GrafosGrid;Conjunto5;18.gridanticorr1.tree;18;25;3;0;0.000030;0.001952;0.002000;142;3762;3275;0;377;1954;htc-cmp002;Wed Apr  5 12:35:01 2023
MultiPrim;3DIM;SANTOS;GrafosGrid;Conjunto7;36.gridanticorr1.tree;36;57;3;0;0.000087;998.240092;1018.905000;2777;103741001;101472723;0;1942591;17389921;htc-cmp002;Wed Apr  5 12:34:52 2023
MultiPrim;3DIM;SANTOS;GrafosGrid;Conjunto9;27.gridanticorr3.tree;27;42;0;0;0.000060;926.315481;927.274000;4122;101764453;100698490;0;1055681;14533723;htc-cmp002;Wed Apr  5 12:36:08 2023
MultiPrim;3DIM;SANTOS;GrafosGrid;Conjunto6;33.gridanticorr1.tree;33;52;1;1;0.000069;326.627977;337.465000;3612;37928801;37390213;0;487948;4053841;htc-cmp002;Wed Apr  5 12:36:03 2023
MultiPrim;3DIM;SANTOS;GrafosGrid;Conjunto5;6.gridanticorr2.tree;6;7;1;0;0.000012;0.000011;0.000000;10;26;15;0;11;26;htc-cmp002;Wed Apr  5 12:36:44 2023
MultiPrim;3DIM;SANTOS;GrafosGrid;Conjunto9;30.gridanticorr2.tree;30;47;2;0;0.000066;847.407884;848.479000;3284;85372555;84200030;0;1141959;13728075;htc-cmp002;Wed Apr  5 12:36:42 2023
MultiPrim;3DIM;SANTOS;GrafosGrid;Conjunto5;36.gridanticorr1.tree;36;57;4;1;0.000083;161.522523;172.200000;2550;21656803;21345775;0;300632;2539012;htc-cmp002;Wed Apr  5 12:37:48 2023
MultiPrim;3DIM;SANTOS;GrafosGrid;Conjunto5;24.gridanticorr1.tree;24;38;1;0;0.000058;2.046492;2.076000;865;738244;703091;0;31071;212103;htc-cmp002;Wed Apr  5 12:37:57 2023
MultiPrim;3DIM;SANTOS;GrafosGrid;Conjunto8;27.gridanticorr3.tree;27;42;0;0;0.000057;1259.388498;1260.509000;5230;128084085;126811896;0;1268309;18529728;htc-cmp002;Wed Apr  5 12:38:17 2023
MultiPrim;3DIM;SANTOS;GrafosGrid;Conjunto5;20.gridanticorr3.tree;20;28;1;0;0.000031;0.242293;0.244000;2104;193715;188608;0;5017;45377;htc-cmp002;Wed Apr  5 12:38:22 2023
MultiPrim;3DIM;SANTOS;GrafosGrid;Conjunto5;12.gridanticorr3.tree;12;16;0;0;0.000020;0.001192;0.001000;210;2486;2198;0;287;1658;htc-cmp002;Wed Apr  5 12:38:22 2023
MultiPrim;3DIM;SANTOS;GrafosGrid;Conjunto5;20.gridanticorr1.tree;20;28;2;0;0.000031;0.019215;0.019000;379;27099;25125;0;1788;10275;htc-cmp002;Wed Apr  5 12:38:30 2023
MultiPrim;3DIM;SANTOS;GrafosGrid;Conjunto5;38.gridanticorr1.tree;38;55;6;0;0.000077;19.068007;29.597000;4034;4342288;4309961;0;24929;184888;htc-cmp002;Wed Apr  5 12:38:58 2023
MultiPrim;3DIM;SANTOS;GrafosGrid;Conjunto5;6.gridanticorr1.tree;6;7;1;0;0.000011;0.000011;0.000000;7;24;12;0;12;28;htc-cmp002;Wed Apr  5 12:39:04 2023
MultiPrim;3DIM;SANTOS;GrafosGrid;Conjunto4;30.gridanticorr1.tree;30;47;2;1;0.000062;50.365199;51.145000;1419;9769028;9471137;0;242188;1867246;htc-cmp002;Wed Apr  5 12:40:28 2023
MultiPrim;3DIM;SANTOS;GrafosGrid;Conjunto5;27.gridanticorr2.tree;27;42;1;0;0.000065;239.088271;239.499000;4093;28266540;27821794;0;439290;5279926;htc-cmp002;Wed Apr  5 12:40:44 2023
MultiPrim;3DIM;SANTOS;GrafosGrid;Conjunto4;18.gridanticorr2.tree;18;25;0;0;0.000030;0.023553;0.024000;484;32584;30502;0;1839;11670;htc-cmp002;Wed Apr  5 12:40:46 2023
MultiPrim;3DIM;SANTOS;GrafosGrid;Conjunto4;6.gridanticorr3.tree;6;7;0;0;0.000010;0.000019;0.000000;13;43;23;0;19;51;htc-cmp002;Wed Apr  5 12:40:47 2023
MultiPrim;3DIM;SANTOS;GrafosGrid;Conjunto4;12.gridanticorr2.tree;12;16;2;0;0.000019;0.000168;0.000000;69;468;395;0;70;261;htc-cmp002;Wed Apr  5 12:40:47 2023
MultiPrim;3DIM;SANTOS;GrafosGrid;Conjunto5;33.gridanticorr1.tree;33;52;5;0;0.000068;244.696583;245.574000;2196;27894319;27486114;0;397327;4020856;htc-cmp002;Wed Apr  5 12:40:50 2023
MultiPrim;3DIM;SANTOS;GrafosGrid;Conjunto4;24.gridanticorr2.tree;24;38;0;0;0.000047;13.458457;13.546000;1093;3221006;3093790;0;120103;1047394;htc-cmp002;Wed Apr  5 12:41:01 2023
MultiPrim;3DIM;SANTOS;GrafosGrid;Conjunto4;12.gridanticorr1.tree;12;16;3;0;0.000020;0.000128;0.000000;37;256;193;0;59;214;htc-cmp002;Wed Apr  5 12:41:01 2023
MultiPrim;3DIM;SANTOS;GrafosGrid;Conjunto4;27.gridanticorr1.tree;27;42;2;1;0.000056;22.676781;22.822000;1391;4068432;3917375;0;149159;1390235;htc-cmp002;Wed Apr  5 12:41:17 2023
MultiPrim;3DIM;SANTOS;GrafosGrid;Conjunto4;18.gridanticorr3.tree;18;25;1;0;0.000029;0.021040;0.021000;491;32216;30445;0;1695;12302;htc-cmp002;Wed Apr  5 12:41:33 2023
MultiPrim;3DIM;SANTOS;GrafosGrid;Conjunto4;20.gridanticorr2.tree;20;28;2;0;0.000033;0.025213;0.025000;755;36623;34600;0;1586;9980;htc-cmp002;Wed Apr  5 12:41:33 2023
MultiPrim;3DIM;SANTOS;GrafosGrid;Conjunto4;18.gridanticorr1.tree;18;25;1;0;0.000030;0.002374;0.002000;175;5439;5133;0;266;1194;htc-cmp002;Wed Apr  5 12:41:33 2023
MultiPrim;3DIM;SANTOS;GrafosGrid;Conjunto5;27.gridanticorr3.tree;27;42;1;0;0.000050;397.941670;398.436000;5188;47868568;47264336;0;599782;7493988;htc-cmp002;Wed Apr  5 12:41:39 2023
MultiPrim;3DIM;SANTOS;GrafosGrid;Conjunto5;24.gridanticorr3.tree;24;38;0;0;0.000049;362.215784;362.532000;5826;46445454;45960342;0;481791;6917016;htc-cmp002;Wed Apr  5 12:41:51 2023
MultiPrim;3DIM;SANTOS;GrafosGrid;Conjunto6;27.gridanticorr3.tree;27;42;1;0;0.000051;941.510547;942.163000;7919;106621152;105748206;0;856572;11891437;htc-cmp002;Wed Apr  5 12:42:19 2023
MultiPrim;3DIM;SANTOS;GrafosGrid;Conjunto4;6.gridanticorr2.tree;6;7;0;0;0.000011;0.000020;0.000000;13;43;24;0;19;51;htc-cmp002;Wed Apr  5 12:42:22 2023
MultiPrim;3DIM;SANTOS;GrafosGrid;Conjunto4;24.gridanticorr3.tree;24;38;0;0;0.000049;117.602267;117.773000;3118;17635800;17362947;0;269331;3350428;htc-cmp002;Wed Apr  5 12:43:40 2023
MultiPrim;3DIM;SANTOS;GrafosGrid;Conjunto4;27.gridanticorr2.tree;27;42;3;0;0.000058;33.654813;33.760000;1854;6538356;6369965;0;157843;1493419;htc-cmp002;Wed Apr  5 12:44:15 2023
MultiPrim;3DIM;SANTOS;GrafosGrid;Conjunto4;33.gridanticorr1.tree;33;52;4;1;0.000067;111.172528;112.585000;1542;17596563;17163387;0;399049;3632472;htc-cmp002;Wed Apr  5 12:44:16 2023
MultiPrim;3DIM;SANTOS;GrafosGrid;Conjunto4;24.gridanticorr1.tree;24;38;3;2;0.000050;0.528954;0.536000;644;314190;298273;0;13134;84442;htc-cmp002;Wed Apr  5 12:44:19 2023
MultiPrim;3DIM;SANTOS;GrafosGrid;Conjunto4;20.gridanticorr3.tree;20;28;0;0;0.000032;0.447670;0.452000;1143;272609;262903;0;9666;92406;htc-cmp002;Wed Apr  5 12:45:53 2023
MultiPrim;3DIM;SANTOS;GrafosGrid;Conjunto4;12.gridanticorr3.tree;12;16;1;0;0.000020;0.000544;0.000000;130;1220;1045;0;171;880;htc-cmp002;Wed Apr  5 12:45:53 2023
MultiPrim;3DIM;SANTOS;GrafosGrid;Conjunto4;38.gridanticorr1.tree;38;55;7;1;0.000068;3.332386;8.619000;2564;1452855;1439823;0;10785;70968;htc-cmp002;Wed Apr  5 12:46:05 2023
MultiPrim;3DIM;SANTOS;GrafosGrid;Conjunto4;20.gridanticorr1.tree;20;28;3;0;0.000034;0.016788;0.017000;585;25056;23443;0;1304;8344;htc-cmp002;Wed Apr  5 12:46:08 2023
MultiPrim;3DIM;SANTOS;GrafosGrid;Conjunto4;40.gridanticorr1.tree;40;66;7;2;0.000101;406.960637;426.846000;2945;52149619;51207213;0;750647;5413157;htc-cmp002;Wed Apr  5 12:49:12 2023
MultiPrim;3DIM;SANTOS;GrafosGrid;Conjunto4;6.gridanticorr1.tree;6;7;0;0;0.000012;0.000020;0.000000;15;45;26;0;19;51;htc-cmp002;Wed Apr  5 12:49:29 2023
MultiPrim;3DIM;SANTOS;GrafosGrid;Conjunto1;30.gridanticorr1.tree;30;47;9;2;0.000076;0.587203;0.594000;805;401148;390901;0;8950;61480;htc-cmp002;Wed Apr  5 12:49:58 2023
MultiPrim;3DIM;SANTOS;GrafosGrid;Conjunto1;18.gridanticorr2.tree;18;25;0;0;0.000031;0.018602;0.019000;309;27878;25694;0;2111;14155;htc-cmp002;Wed Apr  5 12:50:01 2023
MultiPrim;3DIM;SANTOS;GrafosGrid;Conjunto1;6.gridanticorr3.tree;6;7;0;0;0.000011;0.000021;0.000000;15;45;26;0;19;51;htc-cmp002;Wed Apr  5 12:50:02 2023
MultiPrim;3DIM;SANTOS;GrafosGrid;Conjunto1;12.gridanticorr2.tree;12;16;1;0;0.000021;0.000421;0.000000;67;925;733;0;164;742;htc-cmp002;Wed Apr  5 12:50:02 2023
MultiPrim;3DIM;SANTOS;GrafosGrid;Conjunto1;24.gridanticorr2.tree;24;38;0;1;0.000049;45.398757;45.535000;2234;8744117;8519599;0;220697;2263368;htc-cmp002;Wed Apr  5 12:50:48 2023
MultiPrim;3DIM;SANTOS;GrafosGrid;Conjunto1;27.gridanticorr1.tree;27;42;9;2;0.000051;0.028319;0.029000;378;42848;40669;0;1947;9978;htc-cmp002;Wed Apr  5 12:50:49 2023
MultiPrim;3DIM;SANTOS;GrafosGrid;Conjunto1;12.gridanticorr1.tree;12;16;1;0;0.000023;0.000364;0.000000;100;766;635;0;130;525;htc-cmp002;Wed Apr  5 12:50:49 2023
MultiPrim;3DIM;SANTOS;GrafosGrid;Conjunto1;36.gridanticorr1.tree;36;57;8;2;0.000081;59.806432;60.582000;1944;9887808;9639500;0;233918;2256886;htc-cmp002;Wed Apr  5 12:52:22 2023
MultiPrim;3DIM;SANTOS;GrafosGrid;Conjunto1;18.gridanticorr3.tree;18;25;0;0;0.000029;0.054979;0.056000;682;64653;61591;0;3050;25565;htc-cmp002;Wed Apr  5 12:52:24 2023
MultiPrim;3DIM;SANTOS;GrafosGrid;Conjunto1;20.gridanticorr2.tree;20;28;4;0;0.000031;0.004225;0.004000;260;8846;8409;0;399;2123;htc-cmp002;Wed Apr  5 12:52:24 2023
MultiPrim;3DIM;SANTOS;GrafosGrid;Conjunto1;18.gridanticorr1.tree;18;25;4;1;0.000028;0.001682;0.001000;133;3376;3014;0;329;1604;htc-cmp002;Wed Apr  5 12:52:24 2023
MultiPrim;3DIM;SANTOS;GrafosGrid;Conjunto7;27.gridanticorr3.tree;27;42;0;0;0.000052;2104.206602;2105.669000;8067;188768382;187224097;0;1541380;24468902;htc-cmp002;Wed Apr  5 12:52:52 2023
MultiPrim;3DIM;SANTOS;GrafosGrid;Conjunto7;33.gridanticorr2.tree;33;52;0;0;0.000073;1984.083282;2005.458000;5950;205115046;202765557;0;2262805;25241538;htc-cmp002;Wed Apr  5 12:52:56 2023
MultiPrim;3DIM;SANTOS;GrafosGrid;Conjunto1;6.gridanticorr2.tree;6;7;1;0;0.000015;0.000011;0.000000;7;20;10;0;10;21;htc-cmp002;Wed Apr  5 12:53:19 2023
MultiPrim;3DIM;SANTOS;GrafosGrid;Conjunto9;40.gridanticorr1.tree;40;66;7;0;0.000101;1877.344119;1898.476000;4020;184635865;182049110;0;2287013;19289124;htc-cmp002;Wed Apr  5 12:52:50 2023
MultiPrim;3DIM;SANTOS;GrafosGrid;Conjunto1;27.gridanticorr2.tree;27;42;1;1;0.000060;29.526027;29.738000;1643;6292997;6141126;0;147054;1296914;htc-cmp002;Wed Apr  5 12:53:50 2023
MultiPrim;3DIM;SANTOS;GrafosGrid;Conjunto1;24.gridanticorr1.tree;24;38;5;2;0.000064;0.216864;0.219000;558;182453;175241;0;6903;44045;htc-cmp002;Wed Apr  5 12:53:51 2023
MultiPrim;3DIM;SANTOS;GrafosGrid;Conjunto1;20.gridanticorr3.tree;20;28;1;0;0.000042;0.271676;0.273000;1156;181979;175068;0;6692;61933;htc-cmp002;Wed Apr  5 12:54:26 2023
MultiPrim;3DIM;SANTOS;GrafosGrid;Conjunto1;12.gridanticorr3.tree;12;16;0;0;0.000019;0.001290;0.001000;290;2810;2523;0;287;1634;htc-cmp002;Wed Apr  5 12:54:26 2023
MultiPrim;3DIM;SANTOS;GrafosGrid;Conjunto1;38.gridanticorr1.tree;38;55;7;1;0.000073;9.598441;14.498000;1902;2542571;2510571;0;24771;204486;htc-cmp002;Wed Apr  5 12:54:44 2023
MultiPrim;3DIM;SANTOS;GrafosGrid;Conjunto1;20.gridanticorr1.tree;20;28;4;0;0.000036;0.000940;0.001000;188;2197;2050;0;113;449;htc-cmp002;Wed Apr  5 12:54:47 2023
MultiPrim;3DIM;SANTOS;GrafosGrid;Conjunto1;24.gridanticorr3.tree;24;38;0;0;0.000045;160.204202;160.432000;3574;25288818;24888895;0;393888;4666428;htc-cmp002;Wed Apr  5 12:55:18 2023
MultiPrim;3DIM;SANTOS;GrafosGrid;Conjunto1;6.gridanticorr1.tree;6;7;2;0;0.000011;0.000007;0.000000;5;14;6;0;8;17;htc-cmp002;Wed Apr  5 12:55:19 2023
MultiPrim;3DIM;SANTOS;GrafosGrid;Conjunto4;30.gridanticorr2.tree;30;47;2;1;0.000062;678.479460;679.767000;4895;71772334;70522990;0;1167386;13041037;htc-cmp002;Wed Apr  5 12:55:36 2023
MultiPrim;3DIM;SANTOS;GrafosGrid;Conjunto1;30.gridanticorr2.tree;30;47;1;1;0.000063;126.853362;128.314000;2557;19636989;19348066;0;278285;2641985;htc-cmp002;Wed Apr  5 12:55:41 2023
MultiPrim;3DIM;SANTOS;GrafosGrid;Conjunto3;18.gridanticorr2.tree;18;25;1;0;0.000032;0.022947;0.023000;477;30905;29176;0;1718;12037;htc-cmp002;Wed Apr  5 12:55:51 2023
MultiPrim;3DIM;SANTOS;GrafosGrid;Conjunto3;6.gridanticorr3.tree;6;7;0;0;0.000011;0.000019;0.000000;15;45;26;0;19;51;htc-cmp002;Wed Apr  5 12:55:52 2023
MultiPrim;3DIM;SANTOS;GrafosGrid;Conjunto3;12.gridanticorr2.tree;12;16;0;0;0.000021;0.000684;0.000000;84;1335;1055;0;262;1178;htc-cmp002;Wed Apr  5 12:55:52 2023
MultiPrim;3DIM;SANTOS;GrafosGrid;Conjunto3;24.gridanticorr2.tree;24;38;0;0;0.000048;24.102161;24.198000;2375;5477066;5328214;0;143801;1369571;htc-cmp002;Wed Apr  5 12:56:16 2023
MultiPrim;3DIM;SANTOS;GrafosGrid;Conjunto3;30.gridanticorr1.tree;30;47;2;0;0.000063;34.397433;35.151000;1278;7094813;6774564;0;241759;1642171;htc-cmp002;Wed Apr  5 12:56:18 2023
MultiPrim;3DIM;SANTOS;GrafosGrid;Conjunto3;12.gridanticorr1.tree;12;16;1;0;0.000025;0.000225;0.000000;39;469;375;0;74;239;htc-cmp002;Wed Apr  5 12:56:19 2023
MultiPrim;3DIM;SANTOS;GrafosGrid;Conjunto3;27.gridanticorr1.tree;27;42;2;0;0.000055;6.646775;6.743000;1560;1954254;1893582;0;48196;374357;htc-cmp002;Wed Apr  5 12:56:24 2023
MultiPrim;3DIM;SANTOS;GrafosGrid;Conjunto3;18.gridanticorr3.tree;18;25;0;0;0.000029;0.046799;0.047000;720;62814;59903;0;2834;20798;htc-cmp002;Wed Apr  5 12:56:44 2023
MultiPrim;3DIM;SANTOS;GrafosGrid;Conjunto3;20.gridanticorr2.tree;20;28;0;0;0.000034;0.119014;0.122000;873;108468;103623;0;4720;35257;htc-cmp002;Wed Apr  5 12:56:45 2023
MultiPrim;3DIM;SANTOS;GrafosGrid;Conjunto3;18.gridanticorr1.tree;18;25;3;1;0.000030;0.003081;0.003000;132;5332;4377;0;848;4004;htc-cmp002;Wed Apr  5 12:56:45 2023
MultiPrim;3DIM;SANTOS;GrafosGrid;Conjunto5;30.gridanticorr2.tree;30;47;0;0;0.000066;1360.155909;1363.422000;3418;135229490;133645358;0;1535282;17960665;htc-cmp002;Wed Apr  5 12:59:36 2023
MultiPrim;3DIM;SANTOS;GrafosGrid;Conjunto1;27.gridanticorr3.tree;27;42;0;0;0.000050;448.640188;449.320000;4590;54302612;53681861;0;607963;7914496;htc-cmp002;Wed Apr  5 12:59:54 2023
MultiPrim;3DIM;SANTOS;GrafosGrid;Conjunto3;24.gridanticorr3.tree;24;38;0;0;0.000047;161.678811;161.895000;4390;24546726;24203924;0;336853;4124388;htc-cmp002;Wed Apr  5 12:59:59 2023
MultiPrim;3DIM;SANTOS;GrafosGrid;Conjunto3;6.gridanticorr2.tree;6;7;0;0;0.000011;0.000019;0.000000;12;40;23;0;17;44;htc-cmp002;Wed Apr  5 13:00:01 2023
MultiPrim;3DIM;SANTOS;GrafosGrid;Conjunto4;27.gridanticorr3.tree;27;42;0;0;0.000050;1132.430544;1133.627000;4002;115543738;114059034;0;1452657;21109302;htc-cmp002;Wed Apr  5 13:00:28 2023
MultiPrim;3DIM;SANTOS;GrafosGrid;Conjunto3;24.gridanticorr1.tree;24;38;2;1;0.000064;3.414776;3.435000;1024;1034091;997021;0;33550;264598;htc-cmp002;Wed Apr  5 13:00:37 2023
MultiPrim;3DIM;SANTOS;GrafosGrid;Conjunto3;27.gridanticorr2.tree;27;42;2;0;0.000053;51.649693;51.807000;2181;8125992;7941263;0;178128;1785539;htc-cmp002;Wed Apr  5 13:01:07 2023
MultiPrim;3DIM;SANTOS;GrafosGrid;Conjunto3;20.gridanticorr3.tree;20;28;0;0;0.000033;0.287522;0.291000;1284;208793;201996;0;6631;58765;htc-cmp002;Wed Apr  5 13:01:08 2023
MultiPrim;3DIM;SANTOS;GrafosGrid;Conjunto3;12.gridanticorr3.tree;12;16;1;0;0.000018;0.000697;0.000000;109;1551;1329;0;218;1132;htc-cmp002;Wed Apr  5 13:01:09 2023
MultiPrim;3DIM;SANTOS;GrafosGrid;Conjunto3;20.gridanticorr1.tree;20;28;2;1;0.000033;0.012873;0.013000;154;19775;17918;0;1717;9487;htc-cmp002;Wed Apr  5 13:01:09 2023
MultiPrim;3DIM;SANTOS;GrafosGrid;Conjunto3;6.gridanticorr1.tree;6;7;0;0;0.000012;0.000017;0.000000;9;31;15;0;16;36;htc-cmp002;Wed Apr  5 13:01:11 2023
MultiPrim;3DIM;SANTOS;GrafosGrid;Conjunto3;33.gridanticorr1.tree;33;52;5;1;0.000068;92.031087;92.782000;2765;12639857;12439893;0;177756;1567763;htc-cmp002;Wed Apr  5 13:01:34 2023
MultiPrim;3DIM;SANTOS;GrafosGrid;Conjunto1;33.gridanticorr1.tree;33;52;2;0;0.000074;486.645205;492.008000;2717;53579144;52653484;0;911883;9312660;htc-cmp002;Wed Apr  5 13:01:34 2023
MultiPrim;3DIM;SANTOS;GrafosGrid;Conjunto2;18.gridanticorr2.tree;18;25;0;0;0.000032;0.028398;0.029000;469;36432;34311;0;1910;12658;htc-cmp002;Wed Apr  5 13:01:44 2023
MultiPrim;3DIM;SANTOS;GrafosGrid;Conjunto2;6.gridanticorr3.tree;6;7;0;0;0.000014;0.000025;0.000000;15;45;26;0;19;51;htc-cmp002;Wed Apr  5 13:01:44 2023
MultiPrim;3DIM;SANTOS;GrafosGrid;Conjunto2;12.gridanticorr2.tree;12;16;1;0;0.000022;0.000817;0.000000;160;1713;1497;0;215;1064;htc-cmp002;Wed Apr  5 13:01:45 2023
MultiPrim;3DIM;SANTOS;GrafosGrid;Conjunto3;38.gridanticorr1.tree;38;55;5;1;0.000078;1.382473;22.443000;2333;708093;699490;0;5231;34072;htc-cmp002;Wed Apr  5 13:01:44 2023
MultiPrim;3DIM;SANTOS;GrafosGrid;Conjunto2;30.gridanticorr1.tree;30;47;2;0;0.000063;22.393880;23.098000;2284;5059111;4928337;0;117327;910395;htc-cmp002;Wed Apr  5 13:02:00 2023
MultiPrim;3DIM;SANTOS;GrafosGrid;Conjunto2;12.gridanticorr1.tree;12;16;3;0;0.000019;0.000122;0.000000;58;311;261;0;48;171;htc-cmp002;Wed Apr  5 13:02:01 2023
MultiPrim;3DIM;SANTOS;GrafosGrid;Conjunto2;27.gridanticorr1.tree;27;42;4;1;0.000057;5.857807;5.892000;1139;1488370;1446632;0;40162;364529;htc-cmp002;Wed Apr  5 13:02:01 2023
MultiPrim;3DIM;SANTOS;GrafosGrid;Conjunto2;24.gridanticorr2.tree;24;38;0;0;0.000058;20.887700;20.983000;1265;4639387;4487468;0;148046;1445587;htc-cmp002;Wed Apr  5 13:02:06 2023
MultiPrim;3DIM;SANTOS;GrafosGrid;Conjunto2;18.gridanticorr3.tree;18;25;1;0;0.000029;0.048236;0.048000;876;54731;52422;0;2259;18649;htc-cmp002;Wed Apr  5 13:02:06 2023
MultiPrim;3DIM;SANTOS;GrafosGrid;Conjunto2;20.gridanticorr2.tree;20;28;0;0;0.000033;0.032764;0.035000;366;44859;41040;0;3368;20973;htc-cmp002;Wed Apr  5 13:02:07 2023
MultiPrim;3DIM;SANTOS;GrafosGrid;Conjunto2;18.gridanticorr1.tree;18;25;4;1;0.000031;0.000446;0.000000;63;1151;1000;0;123;445;htc-cmp002;Wed Apr  5 13:02:07 2023
MultiPrim;3DIM;SANTOS;GrafosGrid;Conjunto2;6.gridanticorr2.tree;6;7;1;0;0.000010;0.000011;0.000000;9;23;13;0;9;19;htc-cmp002;Wed Apr  5 13:03:29 2023
MultiPrim;3DIM;SANTOS;GrafosGrid;Conjunto2;33.gridanticorr1.tree;33;52;8;3;0.000067;8.429081;8.536000;1582;2179087;2103457;0;65949;494537;htc-cmp002;Wed Apr  5 13:03:38 2023
MultiPrim;3DIM;SANTOS;GrafosGrid;Conjunto2;27.gridanticorr2.tree;27;42;0;0;0.000057;52.055714;52.492000;1891;9621465;9376844;0;232059;2202698;htc-cmp002;Wed Apr  5 13:04:31 2023
MultiPrim;3DIM;SANTOS;GrafosGrid;Conjunto2;24.gridanticorr1.tree;24;38;0;1;0.000055;17.088016;17.170000;1724;3647669;3530657;0;108984;874722;htc-cmp002;Wed Apr  5 13:07:33 2023
MultiPrim;3DIM;SANTOS;GrafosGrid;Conjunto3;27.gridanticorr3.tree;27;42;0;0;0.000059;658.232558;659.000000;6037;75014835;74259004;0;753006;9565587;htc-cmp002;Wed Apr  5 13:07:44 2023
MultiPrim;3DIM;SANTOS;GrafosGrid;Conjunto2;20.gridanticorr3.tree;20;28;0;0;0.000033;0.454106;0.458000;1177;243538;234914;0;8564;81624;htc-cmp002;Wed Apr  5 13:07:48 2023
MultiPrim;3DIM;SANTOS;GrafosGrid;Conjunto2;12.gridanticorr3.tree;12;16;1;0;0.000021;0.000609;0.000000;150;1328;1148;0;168;895;htc-cmp002;Wed Apr  5 13:07:49 2023
MultiPrim;3DIM;SANTOS;GrafosGrid;Conjunto2;20.gridanticorr1.tree;20;28;4;1;0.000031;0.001619;0.001000;100;3305;2777;0;362;1532;htc-cmp002;Wed Apr  5 13:08:05 2023
MultiPrim;3DIM;SANTOS;GrafosGrid;Conjunto2;6.gridanticorr1.tree;6;7;3;0;0.000012;0.000003;0.000000;4;7;4;0;3;4;htc-cmp002;Wed Apr  5 13:08:06 2023
MultiPrim;3DIM;SANTOS;GrafosGrid;Conjunto2;38.gridanticorr1.tree;38;55;8;2;0.000073;17.697213;20.401000;2172;3623558;3538142;0;77474;664146;htc-cmp002;Wed Apr  5 13:08:11 2023
MultiPrim;3DIM;SANTOS;GrafosGrid;Conjunto3;30.gridanticorr2.tree;30;47;0;0;0.000060;468.728547;471.826000;4165;54758638;53900444;0;839185;8492395;htc-cmp002;Wed Apr  5 13:08:10 2023
MultiPrim;3DIM;SANTOS;GrafosGrid;Conjunto10;18.gridanticorr2.tree;18;25;3;0;0.000029;0.006981;0.007000;323;11907;11153;0;721;4722;htc-cmp002;Wed Apr  5 13:08:39 2023
MultiPrim;3DIM;SANTOS;GrafosGrid;Conjunto10;6.gridanticorr3.tree;6;7;0;0;0.000012;0.000020;0.000000;15;45;26;0;19;51;htc-cmp002;Wed Apr  5 13:08:40 2023
MultiPrim;3DIM;SANTOS;GrafosGrid;Conjunto10;12.gridanticorr2.tree;12;16;2;0;0.000020;0.000385;0.000000;90;764;629;0;126;603;htc-cmp002;Wed Apr  5 13:08:40 2023
MultiPrim;3DIM;SANTOS;GrafosGrid;Conjunto10;24.gridanticorr2.tree;24;38;2;0;0.000047;12.795982;12.836000;1353;2942388;2863689;0;76784;743283;htc-cmp002;Wed Apr  5 13:08:53 2023
MultiPrim;3DIM;SANTOS;GrafosGrid;Conjunto10;30.gridanticorr1.tree;30;47;1;0;0.000065;64.153375;65.576000;2457;11210774;10943661;0;239792;1957139;htc-cmp002;Wed Apr  5 13:09:19 2023
MultiPrim;3DIM;SANTOS;GrafosGrid;Conjunto10;12.gridanticorr1.tree;12;16;2;0;0.000020;0.000123;0.000000;44;313;255;0;57;201;htc-cmp002;Wed Apr  5 13:09:21 2023
MultiPrim;3DIM;SANTOS;GrafosGrid;Conjunto2;30.gridanticorr2.tree;30;47;1;0;0.000061;287.455648;289.027000;2909;34128086;33670131;0;427958;4655538;htc-cmp002;Wed Apr  5 13:09:23 2023
MultiPrim;3DIM;SANTOS;GrafosGrid;Conjunto6;33.gridanticorr2.tree;33;52;1;0;0.000072;2182.407359;2193.921000;4735;221869282;218952108;0;2811540;29709700;htc-cmp002;Wed Apr  5 13:09:24 2023
MultiPrim;3DIM;SANTOS;GrafosGrid;Conjunto2;24.gridanticorr3.tree;24;38;0;0;0.000049;438.031896;438.359000;8534;49888633;49430243;0;456174;6202174;htc-cmp002;Wed Apr  5 13:09:45 2023
MultiPrim;3DIM;SANTOS;GrafosGrid;Conjunto10;18.gridanticorr3.tree;18;25;0;0;0.000028;0.077046;0.077000;979;84541;80911;0;3503;29022;htc-cmp002;Wed Apr  5 13:09:47 2023
MultiPrim;3DIM;SANTOS;GrafosGrid;Conjunto10;20.gridanticorr2.tree;20;28;1;0;0.000034;0.075524;0.077000;572;72427;67992;0;4323;32765;htc-cmp002;Wed Apr  5 13:09:47 2023
MultiPrim;3DIM;SANTOS;GrafosGrid;Conjunto10;18.gridanticorr1.tree;18;25;5;0;0.000029;0.001139;0.001000;130;2341;2070;0;211;922;htc-cmp002;Wed Apr  5 13:09:48 2023
MultiPrim;3DIM;SANTOS;GrafosGrid;Conjunto10;27.gridanticorr1.tree;27;42;0;0;0.000065;54.802922;55.242000;1460;9289463;8988005;0;256312;1985287;htc-cmp002;Wed Apr  5 13:09:49 2023
MultiPrim;3DIM;SANTOS;GrafosGrid;Conjunto10;36.gridanticorr1.tree;36;57;4;1;0.000077;22.746893;33.400000;3210;5730530;5690213;0;34558;258812;htc-cmp002;Wed Apr  5 13:10:06 2023
MultiPrim;3DIM;SANTOS;GrafosGrid;Conjunto10;6.gridanticorr2.tree;6;7;1;1;0.000011;0.000008;0.000000;5;15;4;0;11;20;htc-cmp002;Wed Apr  5 13:10:19 2023
MultiPrim;3DIM;SANTOS;GrafosGrid;Conjunto10;33.gridanticorr1.tree;33;52;5;0;0.000071;38.743395;39.471000;1707;7411040;7281111;0;126151;1110435;htc-cmp002;Wed Apr  5 13:10:59 2023
MultiPrim;3DIM;SANTOS;GrafosGrid;Conjunto4;36.gridanticorr1.tree;36;57;3;2;0.000084;1735.637041;1758.368000;3871;159862181;157015385;0;2718740;26813410;htc-cmp002;Wed Apr  5 13:10:48 2023
MultiPrim;3DIM;SANTOS;GrafosGrid;Conjunto10;24.gridanticorr1.tree;24;38;4;1;0.000048;1.580994;1.591000;782;568629;538347;0;26408;178054;htc-cmp002;Wed Apr  5 13:11:22 2023
MultiPrim;3DIM;SANTOS;GrafosGrid;Conjunto10;20.gridanticorr3.tree;20;28;4;0;0.000031;0.031942;0.032000;732;45605;44003;0;1560;13144;htc-cmp002;Wed Apr  5 13:11:40 2023
MultiPrim;3DIM;SANTOS;GrafosGrid;Conjunto10;12.gridanticorr3.tree;12;16;1;0;0.000026;0.000890;0.000000;229;1843;1639;0;203;1061;htc-cmp002;Wed Apr  5 13:11:40 2023
MultiPrim;3DIM;SANTOS;GrafosGrid;Conjunto10;20.gridanticorr1.tree;20;28;5;1;0.000032;0.001537;0.001000;144;2961;2565;0;323;1575;htc-cmp002;Wed Apr  5 13:11:41 2023
MultiPrim;3DIM;SANTOS;GrafosGrid;Conjunto10;6.gridanticorr1.tree;6;7;1;0;0.000010;0.000014;0.000000;11;33;19;0;14;38;htc-cmp002;Wed Apr  5 13:11:54 2023
MultiPrim;3DIM;SANTOS;GrafosGrid;Conjunto10;38.gridanticorr1.tree;38;55;8;0;0.000069;12.124395;14.790000;2797;2974644;2932222;0;36833;310365;htc-cmp002;Wed Apr  5 13:11:57 2023
MultiPrim;3DIM;SANTOS;GrafosGrid;Conjunto2;27.gridanticorr3.tree;27;42;0;0;0.000054;657.967284;658.722000;5281;80029783;79206362;0;816327;10466298;htc-cmp002;Wed Apr  5 13:13:06 2023
MultiPrim;3DIM;SANTOS;GrafosGrid;Conjunto3;36.gridanticorr1.tree;36;57;4;0;0.000080;1001.553919;1011.891000;3857;104662533;103276347;0;1201563;9947060;htc-cmp002;Wed Apr  5 13:13:22 2023
MultiPrim;3DIM;SANTOS;GrafosGrid;Conjunto10;27.gridanticorr2.tree;27;42;0;0;0.000057;234.048576;234.595000;3863;31479952;30982333;0;485567;5705575;htc-cmp002;Wed Apr  5 13:14:14 2023
MultiPrim;3DIM;SANTOS;GrafosGrid;Conjunto10;24.gridanticorr3.tree;24;38;0;0;0.000046;268.676012;268.909000;6567;35340654;34966595;0;371049;4810174;htc-cmp002;Wed Apr  5 13:14:20 2023
MultiPrim;3DIM;SANTOS;GrafosGrid;Conjunto5;33.gridanticorr2.tree;33;52;2;0;0.000073;2234.441778;2240.866000;4923;205594560;203529001;0;2037154;23743678;htc-cmp002;Wed Apr  5 13:15:54 2023
MultiPrim;3DIM;SANTOS;GrafosGrid;Conjunto10;30.gridanticorr2.tree;30;47;1;0;0.000071;413.216445;414.695000;5662;53341792;52939527;0;397078;4190437;htc-cmp002;Wed Apr  5 13:17:56 2023
MultiPrim;3DIM;SANTOS;GrafosGrid;Conjunto10;27.gridanticorr3.tree;27;42;0;0;0.000057;1172.284398;1173.259000;5514;130611884;129441716;0;1158524;16189974;htc-cmp002;Wed Apr  5 13:29:21 2023
MultiPrim;3DIM;SANTOS;GrafosGrid;Conjunto2;36.gridanticorr1.tree;36;57;4;0;0.000080;1824.178025;1834.554000;4066;172285360;169991301;0;2216949;22234662;htc-cmp002;Wed Apr  5 13:32:43 2023
MultiPrim;3DIM;SANTOS;GrafosGrid;Conjunto1;33.gridanticorr2.tree;33;52;2;0;0.000082;2301.001948;2307.310000;5327;256805207;253604182;0;3089213;31694643;htc-cmp002;Wed Apr  5 13:33:18 2023
MultiPrim;3DIM;SANTOS;GrafosGrid;Conjunto2;33.gridanticorr2.tree;33;52;1;0;0.000074;1710.363279;1721.599000;4798;182077102;179410421;0;2573375;29373740;htc-cmp002;Wed Apr  5 13:36:54 2023
MultiPrim;3DIM;SANTOS;GrafosGrid;Conjunto10;33.gridanticorr2.tree;33;52;1;0;0.000068;2465.161829;2476.121000;6273;270846382;268066124;0;2701961;30515568;htc-cmp002;Wed Apr  5 13:53:03 2023