MultiBN;4DIM;SANTOS;GrafosGrid;Conjunto8;40.gridcorr3.tree;40;66;34;21;0.000255;0.000177;0.000000;12;64;0;0;20;0;htc-cmp002;Wed Apr 12 10:59:52 2023
MultiBN;4DIM;SANTOS;GrafosGrid;Conjunto8;18.gridcorr1.tree;18;25;2;1;0.000092;0.018913;0.018000;230;16699;0;0;1777;0;htc-cmp002;Wed Apr 12 10:59:52 2023
MultiBN;4DIM;SANTOS;GrafosGrid;Conjunto8;18.gridcorr3.tree;18;25;15;6;0.000065;0.000012;0.000000;3;3;0;0;3;0;htc-cmp002;Wed Apr 12 10:59:53 2023
MultiBN;4DIM;SANTOS;GrafosGrid;Conjunto8;36.gridcorr3.tree;36;57;31;18;0.000195;0.000048;0.000000;12;49;0;0;16;0;htc-cmp002;Wed Apr 12 10:59:53 2023
MultiBN;4DIM;SANTOS;GrafosGrid;Conjunto8;27.gridcorr3.tree;27;42;20;10;0.000041;0.000054;0.000000;12;91;0;0;18;0;htc-cmp002;Wed Apr 12 10:59:53 2023
MultiBN;4DIM;SANTOS;GrafosGrid;Conjunto8;20.gridcorr3.tree;20;28;18;8;0.000026;0.000002;0.000000;2;1;0;0;2;0;htc-cmp002;Wed Apr 12 10:59:54 2023
MultiBN;4DIM;SANTOS;GrafosGrid;Conjunto8;12.gridcorr1.tree;12;16;1;0;0.000022;0.000949;0.000000;96;1343;0;0;236;0;htc-cmp002;Wed Apr 12 10:59:55 2023
MultiBN;4DIM;SANTOS;GrafosGrid;Conjunto8;18.gridcorr2.tree;18;25;9;2;0.000027;0.000262;0.000000;41;333;0;0;62;0;htc-cmp002;Wed Apr 12 10:59:55 2023
MultiBN;4DIM;SANTOS;GrafosGrid;Conjunto8;6.gridcorr3.tree;6;7;5;2;0.000008;0.000000;0.000000;1;0;0;0;0;0;htc-cmp002;Wed Apr 12 10:59:55 2023
MultiBN;4DIM;SANTOS;GrafosGrid;Conjunto8;33.gridcorr2.tree;33;52;19;12;0.000070;0.011792;0.011000;68;11776;0;0;1526;0;htc-cmp002;Wed Apr 12 10:59:55 2023
MultiBN;4DIM;SANTOS;GrafosGrid;Conjunto8;6.gridcorr1.tree;6;7;0;0;0.000011;0.000024;0.000000;14;30;0;0;19;0;htc-cmp002;Wed Apr 12 10:59:56 2023
MultiBN;4DIM;SANTOS;GrafosGrid;Conjunto8;24.gridcorr3.tree;24;38;19;11;0.000043;0.000026;0.000000;5;31;0;0;14;0;htc-cmp002;Wed Apr 12 10:59:56 2023
MultiBN;4DIM;SANTOS;GrafosGrid;Conjunto8;36.gridcorr2.tree;36;57;18;8;0.000075;0.763797;0.764000;275;169337;0;0;5874;0;htc-cmp002;Wed Apr 12 10:59:56 2023
MultiBN;4DIM;SANTOS;GrafosGrid;Conjunto8;27.gridcorr2.tree;27;42;15;5;0.000055;0.012367;0.012000;87;8666;0;0;820;0;htc-cmp002;Wed Apr 12 10:59:56 2023
MultiBN;4DIM;SANTOS;GrafosGrid;Conjunto8;38.gridcorr3.tree;38;55;33;15;0.000055;0.000020;0.000000;7;21;0;0;10;0;htc-cmp002;Wed Apr 12 10:59:57 2023
MultiBN;4DIM;SANTOS;GrafosGrid;Conjunto8;20.gridcorr2.tree;20;28;10;2;0.000030;0.000848;0.000000;106;1302;0;0;88;0;htc-cmp002;Wed Apr 12 10:59:57 2023
MultiBN;4DIM;SANTOS;GrafosGrid;Conjunto8;20.gridcorr1.tree;20;28;7;2;0.000035;0.002832;0.002000;129;3913;0;0;350;0;htc-cmp002;Wed Apr 12 10:59:57 2023
MultiBN;4DIM;SANTOS;GrafosGrid;Conjunto8;33.gridcorr3.tree;33;52;28;17;0.000064;0.000018;0.000000;6;28;0;0;12;0;htc-cmp002;Wed Apr 12 10:59:57 2023
MultiBN;4DIM;SANTOS;GrafosGrid;Conjunto8;30.gridcorr3.tree;30;47;26;15;0.000054;0.000012;0.000000;4;16;0;0;8;0;htc-cmp002;Wed Apr 12 10:59:58 2023
MultiBN;4DIM;SANTOS;GrafosGrid;Conjunto8;24.gridcorr2.tree;24;38;14;6;0.000045;0.001990;0.001000;78;2557;0;0;322;0;htc-cmp002;Wed Apr 12 10:59:58 2023
MultiBN;4DIM;SANTOS;GrafosGrid;Conjunto8;6.gridcorr2.tree;6;7;2;0;0.000014;0.000009;0.000000;6;10;0;0;8;0;htc-cmp002;Wed Apr 12 10:59:58 2023
MultiBN;4DIM;SANTOS;GrafosGrid;Conjunto8;12.gridcorr3.tree;12;16;11;5;0.000013;0.000000;0.000000;1;0;0;0;0;0;htc-cmp002;Wed Apr 12 10:59:58 2023
MultiBN;4DIM;SANTOS;GrafosGrid;Conjunto8;38.gridcorr2.tree;38;55;21;3;0.000094;0.130635;0.130000;461;46787;0;0;1124;0;htc-cmp002;Wed Apr 12 10:59:59 2023
MultiBN;4DIM;SANTOS;GrafosGrid;Conjunto8;24.gridcorr1.tree;24;38;5;0;0.000051;4.353203;4.353000;350;593471;0;0;28449;0;htc-cmp002;Wed Apr 12 10:59:58 2023
MultiBN;4DIM;SANTOS;GrafosGrid;Conjunto8;12.gridcorr2.tree;12;16;8;2;0.000016;0.000009;0.000000;6;10;0;0;6;0;htc-cmp002;Wed Apr 12 10:59:59 2023
MultiBN;4DIM;SANTOS;GrafosGrid;Conjunto7;40.gridcorr3.tree;40;66;35;22;0.000081;0.000037;0.000000;12;53;0;0;12;0;htc-cmp002;Wed Apr 12 10:59:59 2023
MultiBN;4DIM;SANTOS;GrafosGrid;Conjunto7;18.gridcorr1.tree;18;25;9;2;0.000031;0.000364;0.000000;60;520;0;0;95;0;htc-cmp002;Wed Apr 12 10:59:59 2023
MultiBN;4DIM;SANTOS;GrafosGrid;Conjunto7;18.gridcorr3.tree;18;25;16;7;0.000023;0.000002;0.000000;2;1;0;0;2;0;htc-cmp002;Wed Apr 12 11:00:00 2023
MultiBN;4DIM;SANTOS;GrafosGrid;Conjunto7;36.gridcorr3.tree;36;57;35;22;0.000076;0.000000;0.000000;1;0;0;0;0;0;htc-cmp002;Wed Apr 12 11:00:00 2023
MultiBN;4DIM;SANTOS;GrafosGrid;Conjunto7;20.gridcorr3.tree;20;28;19;9;0.000025;0.000000;0.000000;1;0;0;0;0;0;htc-cmp002;Wed Apr 12 11:00:02 2023
MultiBN;4DIM;SANTOS;GrafosGrid;Conjunto7;18.gridcorr2.tree;18;25;10;5;0.000026;0.000072;0.000000;15;132;0;0;43;0;htc-cmp002;Wed Apr 12 11:00:02 2023
MultiBN;4DIM;SANTOS;GrafosGrid;Conjunto7;12.gridcorr1.tree;12;16;5;1;0.000019;0.000088;0.000000;45;105;0;0;26;0;htc-cmp002;Wed Apr 12 11:00:02 2023
MultiBN;4DIM;SANTOS;GrafosGrid;Conjunto7;27.gridcorr3.tree;27;42;22;12;0.000044;0.000029;0.000000;12;36;0;0;12;0;htc-cmp002;Wed Apr 12 11:00:02 2023
MultiBN;4DIM;SANTOS;GrafosGrid;Conjunto7;6.gridcorr3.tree;6;7;3;0;0.000010;0.000006;0.000000;4;4;0;0;4;0;htc-cmp002;Wed Apr 12 11:00:02 2023
MultiBN;4DIM;SANTOS;GrafosGrid;Conjunto7;6.gridcorr1.tree;6;7;1;0;0.000012;0.000012;0.000000;7;14;0;0;12;0;htc-cmp002;Wed Apr 12 11:00:04 2023
MultiBN;4DIM;SANTOS;GrafosGrid;Conjunto7;24.gridcorr3.tree;24;38;20;13;0.000038;0.000006;0.000000;6;7;0;0;5;0;htc-cmp002;Wed Apr 12 11:00:04 2023
MultiBN;4DIM;SANTOS;GrafosGrid;Conjunto7;38.gridcorr3.tree;38;55;31;11;0.000045;0.000037;0.000000;17;38;0;0;7;0;htc-cmp002;Wed Apr 12 11:00:04 2023
MultiBN;4DIM;SANTOS;GrafosGrid;Conjunto7;20.gridcorr2.tree;20;28;13;2;0.000029;0.000097;0.000000;32;118;0;0;16;0;htc-cmp002;Wed Apr 12 11:00:04 2023
MultiBN;4DIM;SANTOS;GrafosGrid;Conjunto7;20.gridcorr1.tree;20;28;4;0;0.000035;0.031592;0.031000;210;19549;0;0;1770;0;htc-cmp002;Wed Apr 12 11:00:04 2023
MultiBN;4DIM;SANTOS;GrafosGrid;Conjunto7;33.gridcorr3.tree;33;52;29;17;0.000058;0.000011;0.000000;7;13;0;0;6;0;htc-cmp002;Wed Apr 12 11:00:04 2023
MultiBN;4DIM;SANTOS;GrafosGrid;Conjunto7;27.gridcorr2.tree;27;42;9;3;0.000054;0.701598;0.701000;271;196405;0;0;11845;0;htc-cmp002;Wed Apr 12 11:00:04 2023
MultiBN;4DIM;SANTOS;GrafosGrid;Conjunto7;30.gridcorr3.tree;30;47;25;15;0.000071;0.000016;0.000000;6;16;0;0;8;0;htc-cmp002;Wed Apr 12 11:00:05 2023
MultiBN;4DIM;SANTOS;GrafosGrid;Conjunto7;24.gridcorr2.tree;24;38;15;7;0.000071;0.001521;0.001000;96;1429;0;0;144;0;htc-cmp002;Wed Apr 12 11:00:05 2023
MultiBN;4DIM;SANTOS;GrafosGrid;Conjunto7;6.gridcorr2.tree;6;7;1;0;0.000045;0.000022;0.000000;9;21;0;0;14;0;htc-cmp002;Wed Apr 12 11:00:05 2023
MultiBN;4DIM;SANTOS;GrafosGrid;Conjunto7;12.gridcorr3.tree;12;16;10;4;0.000028;0.000003;0.000000;2;1;0;0;2;0;htc-cmp002;Wed Apr 12 11:00:06 2023
MultiBN;4DIM;SANTOS;GrafosGrid;Conjunto7;38.gridcorr2.tree;38;55;19;4;0.000094;0.256808;0.257000;518;80098;0;0;2511;0;htc-cmp002;Wed Apr 12 11:00:06 2023
MultiBN;4DIM;SANTOS;GrafosGrid;Conjunto7;12.gridcorr2.tree;12;16;4;0;0.000032;0.000234;0.000000;36;215;0;0;58;0;htc-cmp002;Wed Apr 12 11:00:06 2023
MultiBN;4DIM;SANTOS;GrafosGrid;Conjunto9;40.gridcorr3.tree;40;66;36;25;0.000140;0.000015;0.000000;6;8;0;0;7;0;htc-cmp002;Wed Apr 12 11:00:06 2023
MultiBN;4DIM;SANTOS;GrafosGrid;Conjunto9;18.gridcorr1.tree;18;25;3;0;0.000042;0.022515;0.022000;415;14471;0;0;847;0;htc-cmp002;Wed Apr 12 11:00:07 2023
MultiBN;4DIM;SANTOS;GrafosGrid;Conjunto9;18.gridcorr3.tree;18;25;15;6;0.000033;0.000005;0.000000;3;3;0;0;3;0;htc-cmp002;Wed Apr 12 11:00:07 2023
MultiBN;4DIM;SANTOS;GrafosGrid;Conjunto9;36.gridcorr3.tree;36;57;31;19;0.000091;0.000030;0.000000;7;27;0;0;12;0;htc-cmp002;Wed Apr 12 11:00:07 2023
MultiBN;4DIM;SANTOS;GrafosGrid;Conjunto8;30.gridcorr2.tree;30;47;10;2;0.000066;9.885316;9.885000;788;989767;0;0;41964;0;htc-cmp002;Wed Apr 12 11:00:07 2023
MultiBN;4DIM;SANTOS;GrafosGrid;Conjunto9;27.gridcorr3.tree;27;42;25;15;0.000046;0.000003;0.000000;2;1;0;0;2;0;htc-cmp002;Wed Apr 12 11:00:09 2023
MultiBN;4DIM;SANTOS;GrafosGrid;Conjunto7;30.gridcorr2.tree;30;47;10;2;0.000091;5.854325;5.855000;1017;546212;0;0;7854;0;htc-cmp002;Wed Apr 12 11:00:11 2023
MultiBN;4DIM;SANTOS;GrafosGrid;Conjunto9;20.gridcorr3.tree;20;28;19;9;0.000029;0.000000;0.000000;1;0;0;0;0;0;htc-cmp002;Wed Apr 12 11:00:11 2023
MultiBN;4DIM;SANTOS;GrafosGrid;Conjunto7;33.gridcorr2.tree;33;52;14;5;0.000071;10.514132;10.513000;1031;1071479;0;0;27756;0;htc-cmp002;Wed Apr 12 11:00:13 2023
MultiBN;4DIM;SANTOS;GrafosGrid;Conjunto9;40.gridcorr2.tree;40;66;21;8;0.000109;8.398479;8.398000;930;871635;0;0;13845;0;htc-cmp002;Wed Apr 12 11:00:16 2023
MultiBN;4DIM;SANTOS;GrafosGrid;Conjunto9;24.gridcorr1.tree;24;38;6;1;0.000050;6.497101;6.496000;1035;594684;0;0;20752;0;htc-cmp002;Wed Apr 12 11:00:18 2023
MultiBN;4DIM;SANTOS;GrafosGrid;Conjunto9;12.gridcorr1.tree;12;16;2;0;0.000021;0.000427;0.000000;81;609;0;0;103;0;htc-cmp002;Wed Apr 12 11:00:18 2023
MultiBN;4DIM;SANTOS;GrafosGrid;Conjunto9;18.gridcorr2.tree;18;25;7;0;0.000029;0.001836;0.001000;95;2144;0;0;232;0;htc-cmp002;Wed Apr 12 11:00:19 2023
MultiBN;4DIM;SANTOS;GrafosGrid;Conjunto9;6.gridcorr3.tree;6;7;4;1;0.000009;0.000002;0.000000;2;1;0;0;2;0;htc-cmp002;Wed Apr 12 11:00:19 2023
MultiBN;4DIM;SANTOS;GrafosGrid;Conjunto9;33.gridcorr2.tree;33;52;15;6;0.000065;0.199634;0.199000;108;60995;0;0;3181;0;htc-cmp002;Wed Apr 12 11:00:19 2023
MultiBN;4DIM;SANTOS;GrafosGrid;Conjunto9;36.gridcorr2.tree;36;57;18;5;0.000075;1.442818;1.442000;353;261811;0;0;8722;0;htc-cmp002;Wed Apr 12 11:00:21 2023
MultiBN;4DIM;SANTOS;GrafosGrid;Conjunto9;6.gridcorr1.tree;6;7;2;0;0.000011;0.000006;0.000000;4;8;0;0;6;0;htc-cmp002;Wed Apr 12 11:00:31 2023
MultiBN;4DIM;SANTOS;GrafosGrid;Conjunto9;24.gridcorr3.tree;24;38;19;11;0.000036;0.000025;0.000000;9;22;0;0;11;0;htc-cmp002;Wed Apr 12 11:00:31 2023
MultiBN;4DIM;SANTOS;GrafosGrid;Conjunto9;27.gridcorr2.tree;27;42;11;6;0.000059;0.091856;0.091000;143;38623;0;0;3477;0;htc-cmp002;Wed Apr 12 11:00:32 2023
MultiBN;4DIM;SANTOS;GrafosGrid;Conjunto9;38.gridcorr3.tree;38;55;34;15;0.000046;0.000008;0.000000;4;11;0;0;6;0;htc-cmp002;Wed Apr 12 11:00:32 2023
MultiBN;4DIM;SANTOS;GrafosGrid;Conjunto9;20.gridcorr2.tree;20;28;13;4;0.000028;0.000071;0.000000;15;108;0;0;18;0;htc-cmp002;Wed Apr 12 11:00:32 2023
MultiBN;4DIM;SANTOS;GrafosGrid;Conjunto9;20.gridcorr1.tree;20;28;6;2;0.000035;0.004431;0.004000;91;5230;0;0;611;0;htc-cmp002;Wed Apr 12 11:00:33 2023
MultiBN;4DIM;SANTOS;GrafosGrid;Conjunto9;33.gridcorr3.tree;33;52;31;19;0.000047;0.000002;0.000000;2;1;0;0;2;0;htc-cmp002;Wed Apr 12 11:00:33 2023
MultiBN;4DIM;SANTOS;GrafosGrid;Conjunto7;36.gridcorr2.tree;36;57;15;3;0.000080;30.661176;30.660000;609;2799948;0;0;73290;0;htc-cmp002;Wed Apr 12 11:00:34 2023
MultiBN;4DIM;SANTOS;GrafosGrid;Conjunto9;30.gridcorr3.tree;30;47;26;15;0.000055;0.000012;0.000000;8;19;0;0;8;0;htc-cmp002;Wed Apr 12 11:00:38 2023
MultiBN;4DIM;SANTOS;GrafosGrid;Conjunto9;24.gridcorr2.tree;24;38;7;4;0.000051;0.201499;0.201000;196;82906;0;0;9100;0;htc-cmp002;Wed Apr 12 11:00:39 2023
MultiBN;4DIM;SANTOS;GrafosGrid;Conjunto9;6.gridcorr2.tree;6;7;1;0;0.000013;0.000012;0.000000;9;17;0;0;10;0;htc-cmp002;Wed Apr 12 11:00:39 2023
MultiBN;4DIM;SANTOS;GrafosGrid;Conjunto9;12.gridcorr3.tree;12;16;11;5;0.000017;0.000000;0.000000;1;0;0;0;0;0;htc-cmp002;Wed Apr 12 11:00:39 2023
MultiBN;4DIM;SANTOS;GrafosGrid;Conjunto9;38.gridcorr2.tree;38;55;18;6;0.000068;0.637374;0.637000;513;177311;0;0;4258;0;htc-cmp002;Wed Apr 12 11:00:40 2023
MultiBN;4DIM;SANTOS;GrafosGrid;Conjunto9;12.gridcorr2.tree;12;16;4;0;0.000020;0.000130;0.000000;40;188;0;0;43;0;htc-cmp002;Wed Apr 12 11:00:51 2023
MultiBN;4DIM;SANTOS;GrafosGrid;Conjunto6;40.gridcorr3.tree;40;66;35;22;0.000073;0.000030;0.000000;21;28;0;0;8;0;htc-cmp002;Wed Apr 12 11:00:51 2023
MultiBN;4DIM;SANTOS;GrafosGrid;Conjunto6;18.gridcorr1.tree;18;25;4;0;0.000032;0.010052;0.010000;206;8924;0;0;777;0;htc-cmp002;Wed Apr 12 11:00:52 2023
MultiBN;4DIM;SANTOS;GrafosGrid;Conjunto6;18.gridcorr3.tree;18;25;14;6;0.000023;0.000007;0.000000;6;8;0;0;6;0;htc-cmp002;Wed Apr 12 11:00:52 2023
MultiBN;4DIM;SANTOS;GrafosGrid;Conjunto6;36.gridcorr3.tree;36;57;32;19;0.000053;0.000008;0.000000;5;6;0;0;4;0;htc-cmp002;Wed Apr 12 11:00:52 2023
MultiBN;4DIM;SANTOS;GrafosGrid;Conjunto6;27.gridcorr3.tree;27;42;21;12;0.000055;0.000051;0.000000;7;44;0;0;18;0;htc-cmp002;Wed Apr 12 11:01:01 2023
MultiBN;4DIM;SANTOS;GrafosGrid;Conjunto6;40.gridcorr2.tree;40;66;19;9;0.000090;15.101740;15.102000;620;1838405;0;0;46731;0;htc-cmp002;Wed Apr 12 11:01:07 2023
MultiBN;4DIM;SANTOS;GrafosGrid;Conjunto6;20.gridcorr3.tree;20;28;19;9;0.000024;0.000000;0.000000;1;0;0;0;0;0;htc-cmp002;Wed Apr 12 11:01:09 2023
MultiBN;4DIM;SANTOS;GrafosGrid;Conjunto6;24.gridcorr1.tree;24;38;5;2;0.000050;7.873854;7.873000;1419;1028853;0;0;26913;0;htc-cmp002;Wed Apr 12 11:01:18 2023
MultiBN;4DIM;SANTOS;GrafosGrid;Conjunto9;27.gridcorr1.tree;27;42;6;2;0.000065;68.488207;68.486000;2356;2972033;0;0;61870;0;htc-cmp002;Wed Apr 12 11:01:18 2023
MultiBN;4DIM;SANTOS;GrafosGrid;Conjunto9;30.gridcorr2.tree;30;47;8;2;0.000065;53.429000;53.429000;625;4302416;0;0;133132;0;htc-cmp002;Wed Apr 12 11:01:26 2023
MultiBN;4DIM;SANTOS;GrafosGrid;Conjunto6;12.gridcorr1.tree;12;16;2;0;0.000021;0.000539;0.000000;111;714;0;0;110;0;htc-cmp002;Wed Apr 12 11:01:32 2023
MultiBN;4DIM;SANTOS;GrafosGrid;Conjunto6;18.gridcorr2.tree;18;25;8;0;0.000029;0.002039;0.002000;58;2261;0;0;320;0;htc-cmp002;Wed Apr 12 11:01:33 2023
MultiBN;4DIM;SANTOS;GrafosGrid;Conjunto6;6.gridcorr3.tree;6;7;5;2;0.000007;0.000000;0.000000;1;0;0;0;0;0;htc-cmp002;Wed Apr 12 11:01:33 2023
MultiBN;4DIM;SANTOS;GrafosGrid;Conjunto6;33.gridcorr2.tree;33;52;13;4;0.000072;41.195839;41.194000;1763;2278033;0;0;43437;0;htc-cmp002;Wed Apr 12 11:02:15 2023
MultiBN;4DIM;SANTOS;GrafosGrid;Conjunto6;36.gridcorr2.tree;36;57;15;5;0.000107;4.354980;4.356000;286;804290;0;0;41696;0;htc-cmp002;Wed Apr 12 11:02:22 2023
MultiBN;4DIM;SANTOS;GrafosGrid;Conjunto8;27.gridcorr1.tree;27;42;4;1;0.000058;162.994442;162.992000;3033;10054060;0;0;223598;0;htc-cmp002;Wed Apr 12 11:02:36 2023
MultiBN;4DIM;SANTOS;GrafosGrid;Conjunto6;6.gridcorr1.tree;6;7;0;0;0.000012;0.000020;0.000000;7;30;0;0;19;0;htc-cmp002;Wed Apr 12 11:02:48 2023
MultiBN;4DIM;SANTOS;GrafosGrid;Conjunto6;24.gridcorr3.tree;24;38;20;12;0.000039;0.000008;0.000000;5;11;0;0;6;0;htc-cmp002;Wed Apr 12 11:02:49 2023
MultiBN;4DIM;SANTOS;GrafosGrid;Conjunto8;40.gridcorr2.tree;40;66;15;9;0.000313;161.126415;161.118000;684;13500556;0;0;568672;0;htc-cmp002;Wed Apr 12 11:02:34 2023
MultiBN;4DIM;SANTOS;GrafosGrid;Conjunto6;27.gridcorr2.tree;27;42;11;5;0.000051;0.078719;0.078000;111;38085;0;0;3799;0;htc-cmp002;Wed Apr 12 11:02:51 2023
MultiBN;4DIM;SANTOS;GrafosGrid;Conjunto6;38.gridcorr3.tree;38;55;33;13;0.000048;0.000030;0.000000;13;40;0;0;9;0;htc-cmp002;Wed Apr 12 11:02:51 2023
MultiBN;4DIM;SANTOS;GrafosGrid;Conjunto6;20.gridcorr2.tree;20;28;8;2;0.000034;0.001068;0.001000;92;1409;0;0;111;0;htc-cmp002;Wed Apr 12 11:02:51 2023
MultiBN;4DIM;SANTOS;GrafosGrid;Conjunto6;20.gridcorr1.tree;20;28;6;0;0.000034;0.025311;0.025000;755;16931;0;0;572;0;htc-cmp002;Wed Apr 12 11:02:52 2023
MultiBN;4DIM;SANTOS;GrafosGrid;Conjunto6;33.gridcorr3.tree;33;52;28;17;0.000054;0.000015;0.000000;12;20;0;0;10;0;htc-cmp002;Wed Apr 12 11:02:52 2023
MultiBN;4DIM;SANTOS;GrafosGrid;Conjunto6;30.gridcorr2.tree;30;47;17;7;0.000059;0.007930;0.007000;126;7983;0;0;482;0;htc-cmp002;Wed Apr 12 11:02:52 2023
MultiBN;4DIM;SANTOS;GrafosGrid;Conjunto6;30.gridcorr3.tree;30;47;26;14;0.000041;0.000011;0.000000;6;13;0;0;5;0;htc-cmp002;Wed Apr 12 11:02:52 2023
MultiBN;4DIM;SANTOS;GrafosGrid;Conjunto6;24.gridcorr2.tree;24;38;11;3;0.000047;0.039142;0.039000;206;19167;0;0;1164;0;htc-cmp002;Wed Apr 12 11:02:52 2023
MultiBN;4DIM;SANTOS;GrafosGrid;Conjunto6;6.gridcorr2.tree;6;7;0;0;0.000012;0.000022;0.000000;11;29;0;0;19;0;htc-cmp002;Wed Apr 12 11:02:53 2023
MultiBN;4DIM;SANTOS;GrafosGrid;Conjunto6;12.gridcorr3.tree;12;16;11;5;0.000014;0.000000;0.000000;1;0;0;0;0;0;htc-cmp002;Wed Apr 12 11:02:53 2023
MultiBN;4DIM;SANTOS;GrafosGrid;Conjunto6;38.gridcorr2.tree;38;55;22;5;0.000060;0.033872;0.033000;224;15507;0;0;339;0;htc-cmp002;Wed Apr 12 11:02:53 2023
MultiBN;4DIM;SANTOS;GrafosGrid;Conjunto6;12.gridcorr2.tree;12;16;6;1;0.000018;0.000040;0.000000;17;57;0;0;19;0;htc-cmp002;Wed Apr 12 11:03:02 2023
MultiBN;4DIM;SANTOS;GrafosGrid;Conjunto5;40.gridcorr3.tree;40;66;38;26;0.000078;0.000002;0.000000;2;1;0;0;2;0;htc-cmp002;Wed Apr 12 11:03:03 2023
MultiBN;4DIM;SANTOS;GrafosGrid;Conjunto5;18.gridcorr1.tree;18;25;8;1;0.000029;0.001039;0.001000;154;1598;0;0;120;0;htc-cmp002;Wed Apr 12 11:03:03 2023
MultiBN;4DIM;SANTOS;GrafosGrid;Conjunto5;18.gridcorr3.tree;18;25;16;7;0.000023;0.000002;0.000000;2;1;0;0;2;0;htc-cmp002;Wed Apr 12 11:03:03 2023
MultiBN;4DIM;SANTOS;GrafosGrid;Conjunto5;36.gridcorr3.tree;36;57;32;18;0.000068;0.000015;0.000000;7;13;0;0;6;0;htc-cmp002;Wed Apr 12 11:03:03 2023
MultiBN;4DIM;SANTOS;GrafosGrid;Conjunto5;27.gridcorr3.tree;27;42;21;10;0.000041;0.000062;0.000000;21;110;0;0;18;0;htc-cmp002;Wed Apr 12 11:03:04 2023
MultiBN;4DIM;SANTOS;GrafosGrid;Conjunto5;20.gridcorr3.tree;20;28;19;9;0.000031;0.000000;0.000000;1;0;0;0;0;0;htc-cmp002;Wed Apr 12 11:03:18 2023
MultiBN;4DIM;SANTOS;GrafosGrid;Conjunto7;38.gridcorr1.tree;38;55;12;2;0.000119;193.959032;194.014000;3149;9077885;0;0;163988;0;htc-cmp002;Wed Apr 12 11:03:20 2023
MultiBN;4DIM;SANTOS;GrafosGrid;Conjunto5;27.gridcorr1.tree;27;42;6;1;0.000058;33.875322;33.875000;1956;3131013;0;0;77483;0;htc-cmp002;Wed Apr 12 11:03:38 2023
MultiBN;4DIM;SANTOS;GrafosGrid;Conjunto5;40.gridcorr2.tree;40;66;20;8;0.000107;38.053419;38.052000;752;3237398;0;0;85693;0;htc-cmp002;Wed Apr 12 11:03:41 2023
MultiBN;4DIM;SANTOS;GrafosGrid;Conjunto5;12.gridcorr1.tree;12;16;2;0;0.000021;0.000446;0.000000;74;687;0;0;98;0;htc-cmp002;Wed Apr 12 11:03:46 2023
MultiBN;4DIM;SANTOS;GrafosGrid;Conjunto5;18.gridcorr2.tree;18;25;11;3;0.000028;0.000046;0.000000;20;63;0;0;18;0;htc-cmp002;Wed Apr 12 11:03:46 2023
MultiBN;4DIM;SANTOS;GrafosGrid;Conjunto5;6.gridcorr3.tree;6;7;5;2;0.000008;0.000000;0.000000;1;0;0;0;0;0;htc-cmp002;Wed Apr 12 11:03:46 2023
MultiBN;4DIM;SANTOS;GrafosGrid;Conjunto5;33.gridcorr2.tree;33;52;11;7;0.000074;10.797641;10.801000;460;1446926;0;0;74394;0;htc-cmp002;Wed Apr 12 11:03:58 2023
MultiBN;4DIM;SANTOS;GrafosGrid;Conjunto5;36.gridcorr2.tree;36;57;19;8;0.000083;0.057087;0.056000;168;25338;0;0;953;0;htc-cmp002;Wed Apr 12 11:03:59 2023
MultiBN;4DIM;SANTOS;GrafosGrid;Conjunto7;27.gridcorr1.tree;27;42;5;1;0.000065;230.189833;230.180000;6083;8519016;0;0;123876;0;htc-cmp002;Wed Apr 12 11:03:53 2023
MultiBN;4DIM;SANTOS;GrafosGrid;Conjunto5;6.gridcorr1.tree;6;7;3;1;0.000009;0.000003;0.000000;3;3;0;0;4;0;htc-cmp002;Wed Apr 12 11:04:03 2023
MultiBN;4DIM;SANTOS;GrafosGrid;Conjunto5;24.gridcorr3.tree;24;38;21;14;0.000037;0.000003;0.000000;3;3;0;0;4;0;htc-cmp002;Wed Apr 12 11:04:03 2023
MultiBN;4DIM;SANTOS;GrafosGrid;Conjunto5;27.gridcorr2.tree;27;42;7;3;0.000079;3.664307;3.665000;373;686587;0;0;46059;0;htc-cmp002;Wed Apr 12 11:04:13 2023
MultiBN;4DIM;SANTOS;GrafosGrid;Conjunto5;38.gridcorr3.tree;38;55;32;12;0.000073;0.000107;0.000000;34;137;0;0;20;0;htc-cmp002;Wed Apr 12 11:04:14 2023
MultiBN;4DIM;SANTOS;GrafosGrid;Conjunto5;20.gridcorr2.tree;20;28;7;0;0.000030;0.011081;0.011000;336;11021;0;0;562;0;htc-cmp002;Wed Apr 12 11:04:15 2023
MultiBN;4DIM;SANTOS;GrafosGrid;Conjunto5;20.gridcorr1.tree;20;28;4;0;0.000036;0.018022;0.018000;444;16270;0;0;853;0;htc-cmp002;Wed Apr 12 11:04:15 2023
MultiBN;4DIM;SANTOS;GrafosGrid;Conjunto5;33.gridcorr3.tree;33;52;28;16;0.000051;0.000021;0.000000;7;32;0;0;10;0;htc-cmp002;Wed Apr 12 11:04:15 2023
MultiBN;4DIM;SANTOS;GrafosGrid;Conjunto5;30.gridcorr2.tree;30;47;10;3;0.000075;2.251101;2.252000;378;431326;0;0;21933;0;htc-cmp002;Wed Apr 12 11:04:17 2023
MultiBN;4DIM;SANTOS;GrafosGrid;Conjunto5;30.gridcorr3.tree;30;47;26;14;0.000050;0.000012;0.000000;8;17;0;0;6;0;htc-cmp002;Wed Apr 12 11:04:18 2023
MultiBN;4DIM;SANTOS;GrafosGrid;Conjunto5;24.gridcorr2.tree;24;38;11;6;0.000044;0.008419;0.008000;59;8093;0;0;1160;0;htc-cmp002;Wed Apr 12 11:04:18 2023
MultiBN;4DIM;SANTOS;GrafosGrid;Conjunto5;6.gridcorr2.tree;6;7;3;1;0.000012;0.000003;0.000000;3;3;0;0;4;0;htc-cmp002;Wed Apr 12 11:04:18 2023
MultiBN;4DIM;SANTOS;GrafosGrid;Conjunto5;12.gridcorr3.tree;12;16;10;4;0.000015;0.000002;0.000000;2;1;0;0;2;0;htc-cmp002;Wed Apr 12 11:04:19 2023
MultiBN;4DIM;SANTOS;GrafosGrid;Conjunto5;38.gridcorr2.tree;38;55;22;3;0.000058;0.015443;0.015000;191;11834;0;0;489;0;htc-cmp002;Wed Apr 12 11:04:19 2023
MultiBN;4DIM;SANTOS;GrafosGrid;Conjunto5;24.gridcorr1.tree;24;38;2;1;0.000054;59.032017;59.032000;1450;4353212;0;0;175316;0;htc-cmp002;Wed Apr 12 11:04:18 2023
MultiBN;4DIM;SANTOS;GrafosGrid;Conjunto5;12.gridcorr2.tree;12;16;8;0;0.000017;0.000018;0.000000;10;23;0;0;8;0;htc-cmp002;Wed Apr 12 11:04:23 2023
MultiBN;4DIM;SANTOS;GrafosGrid;Conjunto4;40.gridcorr3.tree;40;66;35;22;0.000081;0.000034;0.000000;15;45;0;0;14;0;htc-cmp002;Wed Apr 12 11:04:23 2023
MultiBN;4DIM;SANTOS;GrafosGrid;Conjunto4;18.gridcorr1.tree;18;25;3;0;0.000032;0.036951;0.036000;566;19120;0;0;1408;0;htc-cmp002;Wed Apr 12 11:04:24 2023
MultiBN;4DIM;SANTOS;GrafosGrid;Conjunto4;18.gridcorr3.tree;18;25;15;7;0.000023;0.000003;0.000000;3;3;0;0;4;0;htc-cmp002;Wed Apr 12 11:04:24 2023
MultiBN;4DIM;SANTOS;GrafosGrid;Conjunto4;36.gridcorr3.tree;36;57;31;19;0.000061;0.000017;0.000000;9;26;0;0;10;0;htc-cmp002;Wed Apr 12 11:04:24 2023
MultiBN;4DIM;SANTOS;GrafosGrid;Conjunto4;27.gridcorr3.tree;27;42;21;11;0.000046;0.000050;0.000000;17;60;0;0;18;0;htc-cmp002;Wed Apr 12 11:04:28 2023
MultiBN;4DIM;SANTOS;GrafosGrid;Conjunto4;20.gridcorr3.tree;20;28;19;9;0.000024;0.000000;0.000000;1;0;0;0;0;0;htc-cmp002;Wed Apr 12 11:04:28 2023
MultiBN;4DIM;SANTOS;GrafosGrid;Conjunto4;24.gridcorr1.tree;24;38;3;3;0.000050;10.806719;10.808000;774;1293471;0;0;56780;0;htc-cmp002;Wed Apr 12 11:04:39 2023
MultiBN;4DIM;SANTOS;GrafosGrid;Conjunto4;40.gridcorr2.tree;40;66;19;6;0.000099;61.428099;61.426000;1559;4813945;0;0;81380;0;htc-cmp002;Wed Apr 12 11:05:26 2023
MultiBN;4DIM;SANTOS;GrafosGrid;Conjunto4;12.gridcorr1.tree;12;16;1;0;0.000021;0.000684;0.000000;71;1099;0;0;195;0;htc-cmp002;Wed Apr 12 11:06:00 2023
MultiBN;4DIM;SANTOS;GrafosGrid;Conjunto4;18.gridcorr2.tree;18;25;9;2;0.000027;0.000287;0.000000;28;414;0;0;84;0;htc-cmp002;Wed Apr 12 11:06:01 2023
MultiBN;4DIM;SANTOS;GrafosGrid;Conjunto4;6.gridcorr3.tree;6;7;5;2;0.000009;0.000000;0.000000;1;0;0;0;0;0;htc-cmp002;Wed Apr 12 11:06:01 2023
MultiBN;4DIM;SANTOS;GrafosGrid;Conjunto4;33.gridcorr2.tree;33;52;19;9;0.000064;0.017457;0.017000;97;13894;0;0;1153;0;htc-cmp002;Wed Apr 12 11:06:01 2023
MultiBN;4DIM;SANTOS;GrafosGrid;Conjunto4;36.gridcorr2.tree;36;57;16;6;0.000074;1.808234;1.808000;315;389363;0;0;12655;0;htc-cmp002;Wed Apr 12 11:06:03 2023
MultiBN;4DIM;SANTOS;GrafosGrid;Conjunto7;24.gridcorr1.tree;24;38;2;0;0.000059;367.420868;367.404000;5435;11778512;0;0;194982;0;htc-cmp002;Wed Apr 12 11:06:10 2023
MultiBN;4DIM;SANTOS;GrafosGrid;Conjunto4;6.gridcorr1.tree;6;7;3;0;0.000010;0.000004;0.000000;3;4;0;0;4;0;htc-cmp002;Wed Apr 12 11:06:25 2023
MultiBN;4DIM;SANTOS;GrafosGrid;Conjunto4;24.gridcorr3.tree;24;38;21;13;0.000040;0.000005;0.000000;3;5;0;0;4;0;htc-cmp002;Wed Apr 12 11:06:25 2023
MultiBN;4DIM;SANTOS;GrafosGrid;Conjunto4;27.gridcorr2.tree;27;42;14;7;0.000052;0.025451;0.025000;403;16615;0;0;855;0;htc-cmp002;Wed Apr 12 11:06:32 2023
MultiBN;4DIM;SANTOS;GrafosGrid;Conjunto4;38.gridcorr3.tree;38;55;34;13;0.000064;0.000017;0.000000;12;17;0;0;5;0;htc-cmp002;Wed Apr 12 11:06:32 2023
MultiBN;4DIM;SANTOS;GrafosGrid;Conjunto4;20.gridcorr2.tree;20;28;9;2;0.000032;0.001203;0.001000;65;2053;0;0;227;0;htc-cmp002;Wed Apr 12 11:06:33 2023
MultiBN;4DIM;SANTOS;GrafosGrid;Conjunto4;20.gridcorr1.tree;20;28;7;0;0.000036;0.008783;0.008000;120;9904;0;0;916;0;htc-cmp002;Wed Apr 12 11:06:33 2023
MultiBN;4DIM;SANTOS;GrafosGrid;Conjunto4;33.gridcorr3.tree;33;52;31;19;0.000058;0.000002;0.000000;2;1;0;0;2;0;htc-cmp002;Wed Apr 12 11:06:33 2023
MultiBN;4DIM;SANTOS;GrafosGrid;Conjunto4;30.gridcorr2.tree;30;47;9;5;0.000067;4.876140;4.877000;354;686498;0;0;36664;0;htc-cmp002;Wed Apr 12 11:06:38 2023
MultiBN;4DIM;SANTOS;GrafosGrid;Conjunto4;30.gridcorr3.tree;30;47;26;15;0.000067;0.000015;0.000000;4;14;0;0;8;0;htc-cmp002;Wed Apr 12 11:06:41 2023
MultiBN;4DIM;SANTOS;GrafosGrid;Conjunto4;24.gridcorr2.tree;24;38;10;4;0.000050;0.050863;0.050000;235;23263;0;0;1612;0;htc-cmp002;Wed Apr 12 11:06:41 2023
MultiBN;4DIM;SANTOS;GrafosGrid;Conjunto4;6.gridcorr2.tree;6;7;5;2;0.000008;0.000000;0.000000;1;0;0;0;0;0;htc-cmp002;Wed Apr 12 11:06:41 2023
MultiBN;4DIM;SANTOS;GrafosGrid;Conjunto4;12.gridcorr3.tree;12;16;10;4;0.000018;0.000002;0.000000;2;1;0;0;2;0;htc-cmp002;Wed Apr 12 11:06:41 2023
MultiBN;4DIM;SANTOS;GrafosGrid;Conjunto4;38.gridcorr2.tree;38;55;19;5;0.000077;1.187536;1.187000;219;242539;0;0;13288;0;htc-cmp002;Wed Apr 12 11:06:43 2023
MultiBN;4DIM;SANTOS;GrafosGrid;Conjunto4;12.gridcorr2.tree;12;16;8;2;0.000016;0.000009;0.000000;6;9;0;0;6;0;htc-cmp002;Wed Apr 12 11:06:54 2023
MultiBN;4DIM;SANTOS;GrafosGrid;Conjunto1;40.gridcorr3.tree;40;66;37;25;0.000081;0.000005;0.000000;4;5;0;0;4;0;htc-cmp002;Wed Apr 12 11:06:54 2023
MultiBN;4DIM;SANTOS;GrafosGrid;Conjunto1;18.gridcorr1.tree;18;25;4;0;0.000030;0.004273;0.004000;92;4566;0;0;536;0;htc-cmp002;Wed Apr 12 11:06:54 2023
MultiBN;4DIM;SANTOS;GrafosGrid;Conjunto1;18.gridcorr3.tree;18;25;15;6;0.000023;0.000005;0.000000;3;5;0;0;4;0;htc-cmp002;Wed Apr 12 11:06:55 2023
MultiBN;4DIM;SANTOS;GrafosGrid;Conjunto1;36.gridcorr3.tree;36;57;31;18;0.000058;0.000022;0.000000;9;34;0;0;10;0;htc-cmp002;Wed Apr 12 11:06:55 2023
MultiBN;4DIM;SANTOS;GrafosGrid;Conjunto1;27.gridcorr3.tree;27;42;24;14;0.000042;0.000004;0.000000;3;3;0;0;3;0;htc-cmp002;Wed Apr 12 11:07:31 2023
MultiBN;4DIM;SANTOS;GrafosGrid;Conjunto7;30.gridcorr1.tree;30;47;6;1;0.000068;450.374449;450.363000;5495;22209368;0;0;297087;0;htc-cmp002;Wed Apr 12 11:07:33 2023
MultiBN;4DIM;SANTOS;GrafosGrid;Conjunto1;20.gridcorr3.tree;20;28;17;7;0.000025;0.000004;0.000000;3;4;0;0;4;0;htc-cmp002;Wed Apr 12 11:07:56 2023
MultiBN;4DIM;SANTOS;GrafosGrid;Conjunto1;24.gridcorr1.tree;24;38;9;2;0.000045;0.157703;0.157000;349;67381;0;0;2907;0;htc-cmp002;Wed Apr 12 11:07:57 2023
MultiBN;4DIM;SANTOS;GrafosGrid;Conjunto9;30.gridcorr1.tree;30;47;5;1;0.000074;441.058646;441.066000;3392;25687003;0;0;498120;0;htc-cmp002;Wed Apr 12 11:07:36 2023
MultiBN;4DIM;SANTOS;GrafosGrid;Conjunto1;27.gridcorr1.tree;27;42;4;1;0.000058;67.498256;67.503000;1758;5807789;0;0;161585;0;htc-cmp002;Wed Apr 12 11:08:39 2023
MultiBN;4DIM;SANTOS;GrafosGrid;Conjunto1;12.gridcorr1.tree;12;16;1;0;0.000020;0.000768;0.000000;98;1150;0;0;198;0;htc-cmp002;Wed Apr 12 11:08:45 2023
MultiBN;4DIM;SANTOS;GrafosGrid;Conjunto1;18.gridcorr2.tree;18;25;8;2;0.000030;0.000456;0.000000;60;685;0;0;100;0;htc-cmp002;Wed Apr 12 11:08:46 2023
MultiBN;4DIM;SANTOS;GrafosGrid;Conjunto1;6.gridcorr3.tree;6;7;4;1;0.000011;0.000002;0.000000;2;1;0;0;2;0;htc-cmp002;Wed Apr 12 11:08:46 2023
MultiBN;4DIM;SANTOS;GrafosGrid;Conjunto1;33.gridcorr2.tree;33;52;18;8;0.000066;0.123990;0.124000;394;58689;0;0;2334;0;htc-cmp002;Wed Apr 12 11:08:46 2023
MultiBN;4DIM;SANTOS;GrafosGrid;Conjunto1;36.gridcorr2.tree;36;57;19;7;0.000077;0.609581;0.609000;435;181033;0;0;7689;0;htc-cmp002;Wed Apr 12 11:08:47 2023
MultiBN;4DIM;SANTOS;GrafosGrid;Conjunto1;6.gridcorr1.tree;6;7;0;0;0.000013;0.000023;0.000000;12;30;0;0;19;0;htc-cmp002;Wed Apr 12 11:11:46 2023
MultiBN;4DIM;SANTOS;GrafosGrid;Conjunto1;24.gridcorr3.tree;24;38;21;13;0.000035;0.000004;0.000000;4;3;0;0;3;0;htc-cmp002;Wed Apr 12 11:11:47 2023
MultiBN;4DIM;SANTOS;GrafosGrid;Conjunto1;38.gridcorr3.tree;38;55;35;16;0.000049;0.000006;0.000000;3;5;0;0;4;0;htc-cmp002;Wed Apr 12 11:11:47 2023
MultiBN;4DIM;SANTOS;GrafosGrid;Conjunto1;20.gridcorr2.tree;20;28;12;1;0.000032;0.000217;0.000000;40;307;0;0;42;0;htc-cmp002;Wed Apr 12 11:11:47 2023
MultiBN;4DIM;SANTOS;GrafosGrid;Conjunto1;20.gridcorr1.tree;20;28;6;0;0.000032;0.014454;0.014000;359;10469;0;0;669;0;htc-cmp002;Wed Apr 12 11:11:48 2023
MultiBN;4DIM;SANTOS;GrafosGrid;Conjunto1;33.gridcorr3.tree;33;52;29;18;0.000055;0.000008;0.000000;4;8;0;0;6;0;htc-cmp002;Wed Apr 12 11:11:48 2023
MultiBN;4DIM;SANTOS;GrafosGrid;Conjunto1;30.gridcorr2.tree;30;47;14;3;0.000059;0.267181;0.267000;156;98715;0;0;4378;0;htc-cmp002;Wed Apr 12 11:11:48 2023
MultiBN;4DIM;SANTOS;GrafosGrid;Conjunto1;30.gridcorr3.tree;30;47;24;13;0.000049;0.000041;0.000000;19;62;0;0;14;0;htc-cmp002;Wed Apr 12 11:11:49 2023
MultiBN;4DIM;SANTOS;GrafosGrid;Conjunto1;24.gridcorr2.tree;24;38;12;5;0.000046;0.008150;0.008000;63;8395;0;0;1196;0;htc-cmp002;Wed Apr 12 11:11:49 2023
MultiBN;4DIM;SANTOS;GrafosGrid;Conjunto1;6.gridcorr2.tree;6;7;4;0;0.000009;0.000002;0.000000;3;1;0;0;2;0;htc-cmp002;Wed Apr 12 11:11:49 2023
MultiBN;4DIM;SANTOS;GrafosGrid;Conjunto1;12.gridcorr3.tree;12;16;9;3;0.000014;0.000004;0.000000;3;3;0;0;3;0;htc-cmp002;Wed Apr 12 11:11:49 2023
MultiBN;4DIM;SANTOS;GrafosGrid;Conjunto1;38.gridcorr2.tree;38;55;20;3;0.000064;0.136192;0.136000;183;56489;0;0;2114;0;htc-cmp002;Wed Apr 12 11:11:50 2023
MultiBN;4DIM;SANTOS;GrafosGrid;Conjunto1;27.gridcorr2.tree;27;42;7;4;0.000059;3.334969;3.335000;331;632376;0;0;44049;0;htc-cmp002;Wed Apr 12 11:11:50 2023
MultiBN;4DIM;SANTOS;GrafosGrid;Conjunto1;12.gridcorr2.tree;12;16;6;2;0.000018;0.000024;0.000000;8;34;0;0;14;0;htc-cmp002;Wed Apr 12 11:11:51 2023
MultiBN;4DIM;SANTOS;GrafosGrid;Conjunto3;40.gridcorr3.tree;40;66;36;24;0.000078;0.000007;0.000000;4;9;0;0;6;0;htc-cmp002;Wed Apr 12 11:11:51 2023
MultiBN;4DIM;SANTOS;GrafosGrid;Conjunto3;18.gridcorr1.tree;18;25;3;1;0.000032;0.016179;0.016000;292;12954;0;0;939;0;htc-cmp002;Wed Apr 12 11:11:51 2023
MultiBN;4DIM;SANTOS;GrafosGrid;Conjunto3;18.gridcorr3.tree;18;25;14;5;0.000023;0.000011;0.000000;10;10;0;0;6;0;htc-cmp002;Wed Apr 12 11:11:52 2023
MultiBN;4DIM;SANTOS;GrafosGrid;Conjunto3;36.gridcorr3.tree;36;57;32;18;0.000057;0.000009;0.000000;6;8;0;0;4;0;htc-cmp002;Wed Apr 12 11:11:52 2023
MultiBN;4DIM;SANTOS;GrafosGrid;Conjunto3;27.gridcorr3.tree;27;42;25;15;0.000041;0.000002;0.000000;2;1;0;0;2;0;htc-cmp002;Wed Apr 12 11:12:16 2023
MultiBN;4DIM;SANTOS;GrafosGrid;Conjunto6;33.gridcorr1.tree;33;52;7;3;0.000084;657.659438;657.689000;2853;34621585;0;0;806103;0;htc-cmp002;Wed Apr 12 11:12:19 2023
MultiBN;4DIM;SANTOS;GrafosGrid;Conjunto3;20.gridcorr3.tree;20;28;18;8;0.000024;0.000002;0.000000;2;1;0;0;2;0;htc-cmp002;Wed Apr 12 11:13:02 2023
MultiBN;4DIM;SANTOS;GrafosGrid;Conjunto6;27.gridcorr1.tree;27;42;4;1;0.000059;712.831976;712.799000;9722;19417529;0;0;215520;0;htc-cmp002;Wed Apr 12 11:12:54 2023
MultiBN;4DIM;SANTOS;GrafosGrid;Conjunto8;30.gridcorr1.tree;30;47;4;1;0.000068;758.346045;758.371000;1866;34893087;0;0;677153;0;htc-cmp002;Wed Apr 12 11:12:33 2023
MultiBN;4DIM;SANTOS;GrafosGrid;Conjunto3;24.gridcorr1.tree;24;38;4;1;0.000054;19.423771;19.423000;1947;1749148;0;0;57826;0;htc-cmp002;Wed Apr 12 11:13:22 2023
MultiBN;4DIM;SANTOS;GrafosGrid;Conjunto3;12.gridcorr1.tree;12;16;3;0;0.000021;0.000179;0.000000;35;285;0;0;75;0;htc-cmp002;Wed Apr 12 11:13:24 2023
MultiBN;4DIM;SANTOS;GrafosGrid;Conjunto3;18.gridcorr2.tree;18;25;9;3;0.000031;0.000230;0.000000;32;351;0;0;88;0;htc-cmp002;Wed Apr 12 11:13:25 2023
MultiBN;4DIM;SANTOS;GrafosGrid;Conjunto3;6.gridcorr3.tree;6;7;5;2;0.000009;0.000000;0.000000;1;0;0;0;0;0;htc-cmp002;Wed Apr 12 11:13:25 2023
MultiBN;4DIM;SANTOS;GrafosGrid;Conjunto3;33.gridcorr2.tree;33;52;18;7;0.000059;0.019006;0.019000;180;14582;0;0;787;0;htc-cmp002;Wed Apr 12 11:13:25 2023
MultiBN;4DIM;SANTOS;GrafosGrid;Conjunto4;33.gridcorr1.tree;33;52;7;2;0.000081;456.912198;456.952000;2269;30195323;0;0;805939;0;htc-cmp002;Wed Apr 12 11:13:08 2023
MultiBN;4DIM;SANTOS;GrafosGrid;Conjunto3;6.gridcorr1.tree;6;7;1;0;0.000012;0.000014;0.000000;8;15;0;0;12;0;htc-cmp002;Wed Apr 12 11:14:18 2023
MultiBN;4DIM;SANTOS;GrafosGrid;Conjunto3;24.gridcorr3.tree;24;38;22;14;0.000033;0.000002;0.000000;2;1;0;0;2;0;htc-cmp002;Wed Apr 12 11:14:19 2023
MultiBN;4DIM;SANTOS;GrafosGrid;Conjunto3;27.gridcorr1.tree;27;42;4;0;0.000057;193.122125;193.116000;2919;11148540;0;0;305219;0;htc-cmp002;Wed Apr 12 11:15:29 2023
MultiBN;4DIM;SANTOS;GrafosGrid;Conjunto3;27.gridcorr2.tree;27;42;11;2;0.000053;0.124541;0.124000;282;60239;0;0;2648;0;htc-cmp002;Wed Apr 12 11:15:41 2023
MultiBN;4DIM;SANTOS;GrafosGrid;Conjunto3;38.gridcorr3.tree;38;55;35;16;0.000045;0.000004;0.000000;3;3;0;0;3;0;htc-cmp002;Wed Apr 12 11:15:41 2023
MultiBN;4DIM;SANTOS;GrafosGrid;Conjunto3;20.gridcorr2.tree;20;28;10;2;0.000031;0.000594;0.000000;56;787;0;0;111;0;htc-cmp002;Wed Apr 12 11:15:42 2023
MultiBN;4DIM;SANTOS;GrafosGrid;Conjunto3;20.gridcorr1.tree;20;28;3;0;0.000041;0.031313;0.031000;215;21585;0;0;2665;0;htc-cmp002;Wed Apr 12 11:15:42 2023
MultiBN;4DIM;SANTOS;GrafosGrid;Conjunto3;33.gridcorr3.tree;33;52;24;13;0.000055;0.000102;0.000000;27;144;0;0;18;0;htc-cmp002;Wed Apr 12 11:15:42 2023
MultiBN;4DIM;SANTOS;GrafosGrid;Conjunto3;30.gridcorr2.tree;30;47;13;9;0.000064;0.074071;0.074000;136;40157;0;0;4776;0;htc-cmp002;Wed Apr 12 11:15:42 2023
MultiBN;4DIM;SANTOS;GrafosGrid;Conjunto3;30.gridcorr3.tree;30;47;24;13;0.000052;0.000068;0.000000;30;114;0;0;18;0;htc-cmp002;Wed Apr 12 11:15:42 2023
MultiBN;4DIM;SANTOS;GrafosGrid;Conjunto3;24.gridcorr2.tree;24;38;11;1;0.000048;0.027839;0.027000;152;17064;0;0;1095;0;htc-cmp002;Wed Apr 12 11:15:43 2023
MultiBN;4DIM;SANTOS;GrafosGrid;Conjunto3;6.gridcorr2.tree;6;7;3;1;0.000011;0.000003;0.000000;3;3;0;0;4;0;htc-cmp002;Wed Apr 12 11:15:43 2023
MultiBN;4DIM;SANTOS;GrafosGrid;Conjunto3;12.gridcorr3.tree;12;16;9;4;0.000017;0.000003;0.000000;3;3;0;0;4;0;htc-cmp002;Wed Apr 12 11:15:43 2023
MultiBN;4DIM;SANTOS;GrafosGrid;Conjunto3;38.gridcorr2.tree;38;55;17;6;0.000065;0.525608;0.527000;362;185094;0;0;6802;0;htc-cmp002;Wed Apr 12 11:15:44 2023
MultiBN;4DIM;SANTOS;GrafosGrid;Conjunto3;12.gridcorr2.tree;12;16;4;0;0.000026;0.000144;0.000000;23;182;0;0;44;0;htc-cmp002;Wed Apr 12 11:16:15 2023
MultiBN;4DIM;SANTOS;GrafosGrid;Conjunto2;40.gridcorr3.tree;40;66;36;24;0.000080;0.000007;0.000000;4;9;0;0;5;0;htc-cmp002;Wed Apr 12 11:16:16 2023
MultiBN;4DIM;SANTOS;GrafosGrid;Conjunto2;18.gridcorr1.tree;18;25;4;0;0.000031;0.009476;0.009000;293;8047;0;0;617;0;htc-cmp002;Wed Apr 12 11:16:16 2023
MultiBN;4DIM;SANTOS;GrafosGrid;Conjunto2;18.gridcorr3.tree;18;25;16;7;0.000020;0.000002;0.000000;2;1;0;0;2;0;htc-cmp002;Wed Apr 12 11:16:16 2023
MultiBN;4DIM;SANTOS;GrafosGrid;Conjunto2;36.gridcorr3.tree;36;57;32;18;0.000060;0.000015;0.000000;7;18;0;0;8;0;htc-cmp002;Wed Apr 12 11:16:16 2023
MultiBN;4DIM;SANTOS;GrafosGrid;Conjunto3;36.gridcorr2.tree;36;57;14;3;0.000081;210.575930;210.567000;1812;10873224;0;0;186948;0;htc-cmp002;Wed Apr 12 11:16:56 2023
MultiBN;4DIM;SANTOS;GrafosGrid;Conjunto2;27.gridcorr3.tree;27;42;25;15;0.000042;0.000002;0.000000;2;1;0;0;2;0;htc-cmp002;Wed Apr 12 11:17:12 2023
MultiBN;4DIM;SANTOS;GrafosGrid;Conjunto8;38.gridcorr1.tree;38;55;8;2;0.000078;978.527539;979.580000;5262;38236141;0;0;370528;0;htc-cmp002;Wed Apr 12 11:16:24 2023
MultiBN;4DIM;SANTOS;GrafosGrid;Conjunto2;20.gridcorr3.tree;20;28;17;8;0.000025;0.000003;0.000000;3;3;0;0;4;0;htc-cmp002;Wed Apr 12 11:17:12 2023
MultiBN;4DIM;SANTOS;GrafosGrid;Conjunto2;40.gridcorr2.tree;40;66;18;4;0.000100;102.259669;102.256000;915;7965330;0;0;122185;0;htc-cmp002;Wed Apr 12 11:17:59 2023
MultiBN;4DIM;SANTOS;GrafosGrid;Conjunto6;38.gridcorr1.tree;38;55;9;2;0.000077;911.099988;911.518000;5343;43636566;0;0;480446;0;htc-cmp002;Wed Apr 12 11:18:08 2023
MultiBN;4DIM;SANTOS;GrafosGrid;Conjunto2;24.gridcorr1.tree;24;38;1;1;0.000067;126.540324;126.541000;2333;8839753;0;0;243546;0;htc-cmp002;Wed Apr 12 11:19:19 2023
MultiBN;4DIM;SANTOS;GrafosGrid;Conjunto2;12.gridcorr1.tree;12;16;1;0;0.000022;0.000743;0.000000;98;1016;0;0;188;0;htc-cmp002;Wed Apr 12 11:19:30 2023
MultiBN;4DIM;SANTOS;GrafosGrid;Conjunto2;18.gridcorr2.tree;18;25;9;2;0.000031;0.000258;0.000000;48;339;0;0;40;0;htc-cmp002;Wed Apr 12 11:19:30 2023
MultiBN;4DIM;SANTOS;GrafosGrid;Conjunto2;6.gridcorr3.tree;6;7;4;1;0.000011;0.000002;0.000000;2;1;0;0;2;0;htc-cmp002;Wed Apr 12 11:19:30 2023
MultiBN;4DIM;SANTOS;GrafosGrid;Conjunto3;40.gridcorr2.tree;40;66;16;7;0.000101;421.409502;421.399000;1775;25667192;0;0;623024;0;htc-cmp002;Wed Apr 12 11:18:54 2023
MultiBN;4DIM;SANTOS;GrafosGrid;Conjunto2;33.gridcorr2.tree;33;52;14;5;0.000077;3.074138;3.074000;502;570171;0;0;29084;0;htc-cmp002;Wed Apr 12 11:19:33 2023
MultiBN;4DIM;SANTOS;GrafosGrid;Conjunto2;36.gridcorr2.tree;36;57;17;5;0.000073;2.978197;2.978000;456;584207;0;0;22128;0;htc-cmp002;Wed Apr 12 11:19:35 2023
MultiBN;4DIM;SANTOS;GrafosGrid;Conjunto2;6.gridcorr1.tree;6;7;1;0;0.000012;0.000014;0.000000;7;15;0;0;12;0;htc-cmp002;Wed Apr 12 11:19:36 2023
MultiBN;4DIM;SANTOS;GrafosGrid;Conjunto2;24.gridcorr3.tree;24;38;23;15;0.000037;0.000000;0.000000;1;0;0;0;0;0;htc-cmp002;Wed Apr 12 11:19:36 2023
MultiBN;4DIM;SANTOS;GrafosGrid;Conjunto2;27.gridcorr2.tree;27;42;10;0;0.000054;0.505816;0.504000;183;146032;0;0;7988;0;htc-cmp002;Wed Apr 12 11:19:57 2023
MultiBN;4DIM;SANTOS;GrafosGrid;Conjunto2;38.gridcorr3.tree;38;55;33;14;0.000049;0.000016;0.000000;10;17;0;0;6;0;htc-cmp002;Wed Apr 12 11:19:58 2023
MultiBN;4DIM;SANTOS;GrafosGrid;Conjunto2;20.gridcorr2.tree;20;28;13;6;0.000026;0.000044;0.000000;24;62;0;0;24;0;htc-cmp002;Wed Apr 12 11:19:58 2023
MultiBN;4DIM;SANTOS;GrafosGrid;Conjunto2;20.gridcorr1.tree;20;28;5;0;0.000034;0.015238;0.015000;237;10235;0;0;670;0;htc-cmp002;Wed Apr 12 11:19:58 2023
MultiBN;4DIM;SANTOS;GrafosGrid;Conjunto2;33.gridcorr3.tree;33;52;26;12;0.000051;0.000314;0.000000;39;461;0;0;48;0;htc-cmp002;Wed Apr 12 11:19:59 2023
MultiBN;4DIM;SANTOS;GrafosGrid;Conjunto2;30.gridcorr3.tree;30;47;26;15;0.000049;0.000010;0.000000;5;12;0;0;6;0;htc-cmp002;Wed Apr 12 11:19:59 2023
MultiBN;4DIM;SANTOS;GrafosGrid;Conjunto2;30.gridcorr2.tree;30;47;10;9;0.000068;0.304070;0.304000;213;125742;0;0;12272;0;htc-cmp002;Wed Apr 12 11:19:59 2023
MultiBN;4DIM;SANTOS;GrafosGrid;Conjunto2;6.gridcorr2.tree;6;7;3;1;0.000011;0.000003;0.000000;3;3;0;0;4;0;htc-cmp002;Wed Apr 12 11:19:59 2023
MultiBN;4DIM;SANTOS;GrafosGrid;Conjunto2;12.gridcorr3.tree;12;16;11;5;0.000014;0.000000;0.000000;1;0;0;0;0;0;htc-cmp002;Wed Apr 12 11:20:00 2023
MultiBN;4DIM;SANTOS;GrafosGrid;Conjunto2;24.gridcorr2.tree;24;38;8;3;0.000048;0.376050;0.374000;336;120535;0;0;7055;0;htc-cmp002;Wed Apr 12 11:20:00 2023
MultiBN;4DIM;SANTOS;GrafosGrid;Conjunto2;12.gridcorr2.tree;12;16;7;0;0.000020;0.000027;0.000000;15;26;0;0;10;0;htc-cmp002;Wed Apr 12 11:20:00 2023
MultiBN;4DIM;SANTOS;GrafosGrid;Conjunto10;40.gridcorr3.tree;40;66;35;23;0.000082;0.000023;0.000000;12;33;0;0;10;0;htc-cmp002;Wed Apr 12 11:20:01 2023
MultiBN;4DIM;SANTOS;GrafosGrid;Conjunto10;18.gridcorr1.tree;18;25;1;0;0.000044;0.098726;0.098000;735;49628;0;0;2868;0;htc-cmp002;Wed Apr 12 11:20:01 2023
MultiBN;4DIM;SANTOS;GrafosGrid;Conjunto10;18.gridcorr3.tree;18;25;15;6;0.000023;0.000005;0.000000;4;4;0;0;4;0;htc-cmp002;Wed Apr 12 11:20:01 2023
MultiBN;4DIM;SANTOS;GrafosGrid;Conjunto10;36.gridcorr3.tree;36;57;31;17;0.000062;0.000027;0.000000;11;34;0;0;10;0;htc-cmp002;Wed Apr 12 11:20:01 2023
MultiBN;4DIM;SANTOS;GrafosGrid;Conjunto4;38.gridcorr1.tree;38;55;9;1;0.000075;745.327972;745.836000;3949;39722048;0;0;506634;0;htc-cmp002;Wed Apr 12 11:19:12 2023
MultiBN;4DIM;SANTOS;GrafosGrid;Conjunto10;27.gridcorr3.tree;27;42;23;13;0.000048;0.000011;0.000000;5;14;0;0;8;0;htc-cmp002;Wed Apr 12 11:20:02 2023
MultiBN;4DIM;SANTOS;GrafosGrid;Conjunto10;20.gridcorr3.tree;20;28;17;7;0.000028;0.000004;0.000000;4;5;0;0;4;0;htc-cmp002;Wed Apr 12 11:20:10 2023
MultiBN;4DIM;SANTOS;GrafosGrid;Conjunto2;38.gridcorr2.tree;38;55;13;3;0.000065;16.737168;16.771000;1193;2171761;0;0;77418;0;htc-cmp002;Wed Apr 12 11:20:17 2023
MultiBN;4DIM;SANTOS;GrafosGrid;Conjunto10;24.gridcorr1.tree;24;38;4;1;0.000053;21.248909;21.248000;977;2362098;0;0;74770;0;htc-cmp002;Wed Apr 12 11:20:32 2023
MultiBN;4DIM;SANTOS;GrafosGrid;Conjunto10;12.gridcorr1.tree;12;16;5;1;0.000025;0.000102;0.000000;47;109;0;0;30;0;htc-cmp002;Wed Apr 12 11:20:34 2023
MultiBN;4DIM;SANTOS;GrafosGrid;Conjunto10;18.gridcorr2.tree;18;25;8;1;0.000029;0.000635;0.000000;40;797;0;0;124;0;htc-cmp002;Wed Apr 12 11:20:34 2023
MultiBN;4DIM;SANTOS;GrafosGrid;Conjunto10;6.gridcorr3.tree;6;7;5;2;0.000010;0.000000;0.000000;1;0;0;0;0;0;htc-cmp002;Wed Apr 12 11:20:35 2023
MultiBN;4DIM;SANTOS;GrafosGrid;Conjunto10;33.gridcorr2.tree;33;52;17;4;0.000067;0.459178;0.459000;296;146632;0;0;6056;0;htc-cmp002;Wed Apr 12 11:20:35 2023
MultiBN;4DIM;SANTOS;GrafosGrid;Conjunto10;36.gridcorr2.tree;36;57;19;5;0.000081;0.868601;0.868000;221;208579;0;0;8504;0;htc-cmp002;Wed Apr 12 11:20:37 2023
MultiBN;4DIM;SANTOS;GrafosGrid;Conjunto10;6.gridcorr1.tree;6;7;4;0;0.000011;0.000002;0.000000;3;1;0;0;2;0;htc-cmp002;Wed Apr 12 11:21:05 2023
MultiBN;4DIM;SANTOS;GrafosGrid;Conjunto10;24.gridcorr3.tree;24;38;20;12;0.000042;0.000011;0.000000;6;16;0;0;8;0;htc-cmp002;Wed Apr 12 11:21:06 2023
MultiBN;4DIM;SANTOS;GrafosGrid;Conjunto4;27.gridcorr1.tree;27;42;5;0;0.000056;982.017926;981.964000;8422;17053362;0;0;136908;0;htc-cmp002;Wed Apr 12 11:20:50 2023
MultiBN;4DIM;SANTOS;GrafosGrid;Conjunto10;27.gridcorr2.tree;27;42;11;5;0.000054;0.080823;0.080000;158;37481;0;0;3434;0;htc-cmp002;Wed Apr 12 11:21:10 2023
MultiBN;4DIM;SANTOS;GrafosGrid;Conjunto10;38.gridcorr3.tree;38;55;36;17;0.000046;0.000002;0.000000;2;1;0;0;2;0;htc-cmp002;Wed Apr 12 11:21:10 2023
MultiBN;4DIM;SANTOS;GrafosGrid;Conjunto10;20.gridcorr2.tree;20;28;14;5;0.000026;0.000047;0.000000;16;73;0;0;24;0;htc-cmp002;Wed Apr 12 11:21:10 2023
MultiBN;4DIM;SANTOS;GrafosGrid;Conjunto10;20.gridcorr1.tree;20;28;4;0;0.000035;0.038007;0.037000;285;24477;0;0;1904;0;htc-cmp002;Wed Apr 12 11:21:10 2023
MultiBN;4DIM;SANTOS;GrafosGrid;Conjunto10;33.gridcorr3.tree;33;52;28;15;0.000053;0.000023;0.000000;14;33;0;0;8;0;htc-cmp002;Wed Apr 12 11:21:10 2023
MultiBN;4DIM;SANTOS;GrafosGrid;Conjunto10;30.gridcorr2.tree;30;47;13;3;0.000067;0.289309;0.289000;172;101204;0;0;5494;0;htc-cmp002;Wed Apr 12 11:21:11 2023
MultiBN;4DIM;SANTOS;GrafosGrid;Conjunto10;30.gridcorr3.tree;30;47;27;16;0.000050;0.000004;0.000000;3;3;0;0;3;0;htc-cmp002;Wed Apr 12 11:21:11 2023
MultiBN;4DIM;SANTOS;GrafosGrid;Conjunto10;24.gridcorr2.tree;24;38;8;1;0.000045;0.573003;0.573000;825;147345;0;0;5171;0;htc-cmp002;Wed Apr 12 11:21:12 2023
MultiBN;4DIM;SANTOS;GrafosGrid;Conjunto10;6.gridcorr2.tree;6;7;4;1;0.000011;0.000002;0.000000;2;1;0;0;2;0;htc-cmp002;Wed Apr 12 11:21:12 2023
MultiBN;4DIM;SANTOS;GrafosGrid;Conjunto10;12.gridcorr3.tree;12;16;10;4;0.000015;0.000002;0.000000;2;1;0;0;2;0;htc-cmp002;Wed Apr 12 11:21:13 2023
MultiBN;4DIM;SANTOS;GrafosGrid;Conjunto10;38.gridcorr2.tree;38;55;25;8;0.000072;0.005786;0.005000;153;6345;0;0;388;0;htc-cmp002;Wed Apr 12 11:21:13 2023
MultiBN;4DIM;SANTOS;GrafosGrid;Conjunto10;12.gridcorr2.tree;12;16;8;2;0.000017;0.000010;0.000000;7;9;0;0;7;0;htc-cmp002;Wed Apr 12 11:21:34 2023
MultiBN;4DIM;SANTOS;GrafosGrid;Conjunto9;38.gridcorr1.tree;38;55;9;2;0.000077;1208.146496;1208.623000;6429;45129841;0;0;597967;0;htc-cmp002;Wed Apr 12 11:20:52 2023
MultiBN;4DIM;SANTOS;GrafosGrid;Conjunto1;40.gridcorr2.tree;40;66;13;9;0.000106;873.780750;873.867000;1954;49657377;0;0;1091272;0;htc-cmp002;Wed Apr 12 11:21:30 2023
MultiBN;4DIM;SANTOS;GrafosGrid;Conjunto10;27.gridcorr1.tree;27;42;4;0;0.000057;172.101648;172.099000;3920;11215195;0;0;240290;0;htc-cmp002;Wed Apr 12 11:22:54 2023
MultiBN;4DIM;SANTOS;GrafosGrid;Conjunto1;33.gridcorr1.tree;33;52;8;2;0.000074;994.664366;994.640000;3555;56795823;0;0;791298;0;htc-cmp002;Wed Apr 12 11:24:40 2023
MultiBN;4DIM;SANTOS;GrafosGrid;Conjunto3;30.gridcorr1.tree;30;47;5;0;0.000068;843.365559;843.352000;3450;41211455;0;0;761012;0;htc-cmp002;Wed Apr 12 11:27:17 2023
MultiBN;4DIM;SANTOS;GrafosGrid;Conjunto10;30.gridcorr1.tree;30;47;5;3;0.000071;618.265453;618.263000;4017;27733976;0;0;672912;0;htc-cmp002;Wed Apr 12 11:30:39 2023
MultiBN;4DIM;SANTOS;GrafosGrid;Conjunto2;27.gridcorr1.tree;27;42;1;0;0.000059;1626.909048;1626.886000;5755;53253500;0;0;967066;0;htc-cmp002;Wed Apr 12 11:44:20 2023
MultiBN;4DIM;SANTOS;GrafosGrid;Conjunto6;30.gridcorr1.tree;30;47;2;1;0.000068;2976.383879;2976.465000;3357;117377460;0;0;2883124;0;htc-cmp002;Wed Apr 12 11:50:57 2023
MultiBN;4DIM;SANTOS;GrafosGrid;Conjunto2;30.gridcorr1.tree;30;47;5;0;0.000066;2135.670131;2135.556000;7533;59844233;0;0;557344;0;htc-cmp002;Wed Apr 12 11:53:47 2023
MultiBN;4DIM;SANTOS;GrafosGrid;Conjunto1;38.gridcorr1.tree;38;55;7;1;0.000074;3235.633009;3237.618000;9958;95853721;0;0;687362;0;htc-cmp002;Wed Apr 12 12:05:58 2023
MultiBN;4DIM;SANTOS;GrafosGrid;Conjunto5;30.gridcorr1.tree;30;47;2;0;0.000104;3702.937212;3702.976000;3809;133452627;0;0;2887970;0;htc-cmp002;Wed Apr 12 12:05:15 2023