MultiBN;3DIM;SANTOS;GrafosGrid;Conjunto8;6.gridanticorr3.tree;6;7;0;0;0.000010;0.000021;0.000000;14;30;0;0;19;0;htc-cmp001;Wed Apr  5 12:16:49 2023
MultiBN;3DIM;SANTOS;GrafosGrid;Conjunto8;18.gridanticorr2.tree;18;25;0;0;0.000031;0.122471;0.122000;598;63410;0;0;4058;0;htc-cmp001;Wed Apr  5 12:16:49 2023
MultiBN;3DIM;SANTOS;GrafosGrid;Conjunto8;12.gridanticorr2.tree;12;16;1;0;0.000021;0.000905;0.000000;143;1280;0;0;140;0;htc-cmp001;Wed Apr  5 12:16:50 2023
MultiBN;3DIM;SANTOS;GrafosGrid;Conjunto8;12.gridanticorr1.tree;12;16;4;0;0.000018;0.000186;0.000000;54;273;0;0;51;0;htc-cmp001;Wed Apr  5 12:16:50 2023
MultiBN;3DIM;SANTOS;GrafosGrid;Conjunto8;18.gridanticorr3.tree;18;25;0;0;0.000033;0.225603;0.225000;797;87411;0;0;4058;0;htc-cmp001;Wed Apr  5 12:16:51 2023
MultiBN;3DIM;SANTOS;GrafosGrid;Conjunto8;18.gridanticorr1.tree;18;25;4;0;0.000041;0.015490;0.015000;153;11346;0;0;1400;0;htc-cmp001;Wed Apr  5 12:16:51 2023
MultiBN;3DIM;SANTOS;GrafosGrid;Conjunto8;20.gridanticorr2.tree;20;28;2;0;0.000035;0.224050;0.224000;423;82368;0;0;4415;0;htc-cmp001;Wed Apr  5 12:16:51 2023
MultiBN;3DIM;SANTOS;GrafosGrid;Conjunto8;6.gridanticorr2.tree;6;7;1;0;0.000012;0.000013;0.000000;10;16;0;0;12;0;htc-cmp001;Wed Apr  5 12:16:53 2023
MultiBN;3DIM;SANTOS;GrafosGrid;Conjunto8;12.gridanticorr3.tree;12;16;1;0;0.000021;0.001057;0.001000;128;1460;0;0;195;0;htc-cmp001;Wed Apr  5 12:16:54 2023
MultiBN;3DIM;SANTOS;GrafosGrid;Conjunto8;20.gridanticorr1.tree;20;28;2;0;0.000038;0.237155;0.237000;399;91259;0;0;5658;0;htc-cmp001;Wed Apr  5 12:16:55 2023
MultiBN;3DIM;SANTOS;GrafosGrid;Conjunto8;20.gridanticorr3.tree;20;28;0;0;0.000037;1.067924;1.068000;1194;308485;0;0;9799;0;htc-cmp001;Wed Apr  5 12:16:55 2023
MultiBN;3DIM;SANTOS;GrafosGrid;Conjunto8;6.gridanticorr1.tree;6;7;1;0;0.000013;0.000014;0.000000;10;16;0;0;12;0;htc-cmp001;Wed Apr  5 12:16:55 2023
MultiBN;3DIM;SANTOS;GrafosGrid;Conjunto7;18.gridanticorr2.tree;18;25;1;0;0.000039;0.073504;0.073000;336;39015;0;0;2377;0;htc-cmp001;Wed Apr  5 12:17:26 2023
MultiBN;3DIM;SANTOS;GrafosGrid;Conjunto7;6.gridanticorr3.tree;6;7;0;0;0.000011;0.000020;0.000000;14;30;0;0;19;0;htc-cmp001;Wed Apr  5 12:17:26 2023
MultiBN;3DIM;SANTOS;GrafosGrid;Conjunto7;12.gridanticorr2.tree;12;16;0;0;0.000020;0.000823;0.000000;83;1347;0;0;287;0;htc-cmp001;Wed Apr  5 12:17:26 2023
MultiBN;3DIM;SANTOS;GrafosGrid;Conjunto7;12.gridanticorr1.tree;12;16;3;1;0.000022;0.000142;0.000000;24;225;0;0;82;0;htc-cmp001;Wed Apr  5 12:17:27 2023
MultiBN;3DIM;SANTOS;GrafosGrid;Conjunto7;18.gridanticorr3.tree;18;25;1;0;0.000029;0.098316;0.098000;645;59025;0;0;2786;0;htc-cmp001;Wed Apr  5 12:17:28 2023
MultiBN;3DIM;SANTOS;GrafosGrid;Conjunto7;18.gridanticorr1.tree;18;25;5;0;0.000029;0.003294;0.003000;118;4132;0;0;508;0;htc-cmp001;Wed Apr  5 12:17:28 2023
MultiBN;3DIM;SANTOS;GrafosGrid;Conjunto7;20.gridanticorr2.tree;20;28;0;0;0.000051;0.348429;0.349000;447;147178;0;0;9799;0;htc-cmp001;Wed Apr  5 12:17:28 2023
MultiBN;3DIM;SANTOS;GrafosGrid;Conjunto7;27.gridanticorr1.tree;27;42;5;2;0.000060;19.108926;19.110000;682;2528324;0;0;88239;0;htc-cmp001;Wed Apr  5 12:17:46 2023
MultiBN;3DIM;SANTOS;GrafosGrid;Conjunto7;6.gridanticorr2.tree;6;7;1;0;0.000014;0.000018;0.000000;10;16;0;0;12;0;htc-cmp001;Wed Apr  5 12:17:57 2023
MultiBN;3DIM;SANTOS;GrafosGrid;Conjunto8;24.gridanticorr1.tree;24;38;1;0;0.000056;62.663673;62.666000;1229;6648759;0;0;293810;0;htc-cmp001;Wed Apr  5 12:17:56 2023
MultiBN;3DIM;SANTOS;GrafosGrid;Conjunto8;27.gridanticorr1.tree;27;42;4;1;0.000055;72.677789;72.678000;818;7210562;0;0;216014;0;htc-cmp001;Wed Apr  5 12:18:03 2023
MultiBN;3DIM;SANTOS;GrafosGrid;Conjunto7;20.gridanticorr3.tree;20;28;0;0;0.000038;0.596905;0.597000;621;198802;0;0;9799;0;htc-cmp001;Wed Apr  5 12:18:20 2023
MultiBN;3DIM;SANTOS;GrafosGrid;Conjunto7;12.gridanticorr3.tree;12;16;1;0;0.000023;0.001140;0.001000;126;1684;0;0;236;0;htc-cmp001;Wed Apr  5 12:18:20 2023
MultiBN;3DIM;SANTOS;GrafosGrid;Conjunto7;24.gridanticorr1.tree;24;38;2;1;0.000055;22.094436;22.095000;433;3124368;0;0;149344;0;htc-cmp001;Wed Apr  5 12:18:33 2023
MultiBN;3DIM;SANTOS;GrafosGrid;Conjunto7;20.gridanticorr1.tree;20;28;6;1;0.000032;0.006328;0.006000;224;7884;0;0;567;0;htc-cmp001;Wed Apr  5 12:18:37 2023
MultiBN;3DIM;SANTOS;GrafosGrid;Conjunto7;6.gridanticorr1.tree;6;7;2;0;0.000011;0.000010;0.000000;7;11;0;0;8;0;htc-cmp001;Wed Apr  5 12:18:51 2023
MultiBN;3DIM;SANTOS;GrafosGrid;Conjunto7;24.gridanticorr2.tree;24;38;2;0;0.000052;96.347506;96.341000;2044;10555997;0;0;229717;0;htc-cmp001;Wed Apr  5 12:19:03 2023
MultiBN;3DIM;SANTOS;GrafosGrid;Conjunto9;18.gridanticorr2.tree;18;25;1;0;0.000031;0.066489;0.066000;337;32665;0;0;2665;0;htc-cmp001;Wed Apr  5 12:19:23 2023
MultiBN;3DIM;SANTOS;GrafosGrid;Conjunto9;6.gridanticorr3.tree;6;7;0;0;0.000011;0.000019;0.000000;15;30;0;0;19;0;htc-cmp001;Wed Apr  5 12:19:23 2023
MultiBN;3DIM;SANTOS;GrafosGrid;Conjunto9;12.gridanticorr2.tree;12;16;1;1;0.000021;0.000369;0.000000;61;582;0;0;134;0;htc-cmp001;Wed Apr  5 12:19:24 2023
MultiBN;3DIM;SANTOS;GrafosGrid;Conjunto9;12.gridanticorr1.tree;12;16;2;0;0.000021;0.000435;0.000000;51;659;0;0;140;0;htc-cmp001;Wed Apr  5 12:20:37 2023
MultiBN;3DIM;SANTOS;GrafosGrid;Conjunto9;24.gridanticorr2.tree;24;38;1;0;0.000051;87.759773;87.759000;1232;10374687;0;0;328252;0;htc-cmp001;Wed Apr  5 12:20:52 2023
MultiBN;3DIM;SANTOS;GrafosGrid;Conjunto9;18.gridanticorr3.tree;18;25;0;0;0.000031;0.178867;0.178000;989;80094;0;0;4058;0;htc-cmp001;Wed Apr  5 12:21:09 2023
MultiBN;3DIM;SANTOS;GrafosGrid;Conjunto9;18.gridanticorr1.tree;18;25;6;0;0.000030;0.004217;0.004000;123;4151;0;0;446;0;htc-cmp001;Wed Apr  5 12:21:09 2023
MultiBN;3DIM;SANTOS;GrafosGrid;Conjunto9;20.gridanticorr2.tree;20;28;0;0;0.000034;0.540424;0.541000;629;179677;0;0;9799;0;htc-cmp001;Wed Apr  5 12:21:09 2023
MultiBN;3DIM;SANTOS;GrafosGrid;Conjunto8;30.gridanticorr1.tree;30;47;5;1;0.000205;267.331153;267.298000;1517;23728939;0;0;673584;0;htc-cmp001;Wed Apr  5 12:21:16 2023
MultiBN;3DIM;SANTOS;GrafosGrid;Conjunto9;27.gridanticorr1.tree;27;42;3;1;0.000057;72.513303;72.522000;910;9476066;0;0;261434;0;htc-cmp001;Wed Apr  5 12:21:49 2023
MultiBN;3DIM;SANTOS;GrafosGrid;Conjunto8;38.gridanticorr1.tree;38;55;8;1;0.000077;271.691527;272.797000;1293;32295795;0;0;822758;0;htc-cmp001;Wed Apr  5 12:21:34 2023
MultiBN;3DIM;SANTOS;GrafosGrid;Conjunto9;6.gridanticorr2.tree;6;7;1;0;0.000011;0.000013;0.000000;8;16;0;0;11;0;htc-cmp001;Wed Apr  5 12:22:28 2023
MultiBN;3DIM;SANTOS;GrafosGrid;Conjunto9;24.gridanticorr1.tree;24;38;6;1;0.000058;2.881402;2.879000;569;510059;0;0;21455;0;htc-cmp001;Wed Apr  5 12:23:27 2023
MultiBN;3DIM;SANTOS;GrafosGrid;Conjunto9;20.gridanticorr3.tree;20;28;0;0;0.000035;0.905644;0.906000;1270;281937;0;0;9799;0;htc-cmp001;Wed Apr  5 12:23:28 2023
MultiBN;3DIM;SANTOS;GrafosGrid;Conjunto9;12.gridanticorr3.tree;12;16;0;0;0.000019;0.001362;0.001000;172;2267;0;0;287;0;htc-cmp001;Wed Apr  5 12:23:29 2023
MultiBN;3DIM;SANTOS;GrafosGrid;Conjunto9;20.gridanticorr1.tree;20;28;6;0;0.000036;0.020468;0.020000;243;13857;0;0;837;0;htc-cmp001;Wed Apr  5 12:23:53 2023
MultiBN;3DIM;SANTOS;GrafosGrid;Conjunto9;6.gridanticorr1.tree;6;7;2;0;0.000011;0.000010;0.000000;6;11;0;0;8;0;htc-cmp001;Wed Apr  5 12:23:54 2023
MultiBN;3DIM;SANTOS;GrafosGrid;Conjunto7;38.gridanticorr1.tree;38;55;8;1;0.000074;287.137860;288.156000;913;28762374;0;0;766633;0;htc-cmp001;Wed Apr  5 12:23:14 2023
MultiBN;3DIM;SANTOS;GrafosGrid;Conjunto6;18.gridanticorr2.tree;18;25;0;0;0.000030;0.106049;0.106000;373;52615;0;0;4058;0;htc-cmp001;Wed Apr  5 12:24:20 2023
MultiBN;3DIM;SANTOS;GrafosGrid;Conjunto6;6.gridanticorr3.tree;6;7;0;0;0.000011;0.000020;0.000000;14;30;0;0;19;0;htc-cmp001;Wed Apr  5 12:24:20 2023
MultiBN;3DIM;SANTOS;GrafosGrid;Conjunto6;12.gridanticorr2.tree;12;16;1;0;0.000020;0.000674;0.000000;75;1013;0;0;195;0;htc-cmp001;Wed Apr  5 12:24:20 2023
MultiBN;3DIM;SANTOS;GrafosGrid;Conjunto8;24.gridanticorr2.tree;24;38;0;0;0.000055;428.756365;428.732000;3949;33718050;0;0;536235;0;htc-cmp001;Wed Apr  5 12:23:59 2023
MultiBN;3DIM;SANTOS;GrafosGrid;Conjunto6;12.gridanticorr1.tree;12;16;4;1;0.000016;0.000085;0.000000;22;143;0;0;40;0;htc-cmp001;Wed Apr  5 12:24:41 2023
MultiBN;3DIM;SANTOS;GrafosGrid;Conjunto6;18.gridanticorr3.tree;18;25;1;0;0.000031;0.090090;0.089000;351;42518;0;0;2783;0;htc-cmp001;Wed Apr  5 12:25:10 2023
MultiBN;3DIM;SANTOS;GrafosGrid;Conjunto6;20.gridanticorr2.tree;20;28;0;0;0.000037;0.705210;0.705000;909;216401;0;0;9799;0;htc-cmp001;Wed Apr  5 12:25:11 2023
MultiBN;3DIM;SANTOS;GrafosGrid;Conjunto6;18.gridanticorr1.tree;18;25;4;0;0.000031;0.008207;0.008000;171;9300;0;0;901;0;htc-cmp001;Wed Apr  5 12:25:11 2023
MultiBN;3DIM;SANTOS;GrafosGrid;Conjunto6;30.gridanticorr1.tree;30;47;6;2;0.000068;112.302763;112.309000;999;13133044;0;0;284056;0;htc-cmp001;Wed Apr  5 12:25:47 2023
MultiBN;3DIM;SANTOS;GrafosGrid;Conjunto7;24.gridanticorr3.tree;24;38;0;0;0.000054;534.843233;534.811000;4389;45761304;0;0;536235;0;htc-cmp001;Wed Apr  5 12:26:24 2023
MultiBN;3DIM;SANTOS;GrafosGrid;Conjunto6;6.gridanticorr2.tree;6;7;1;0;0.000012;0.000013;0.000000;10;16;0;0;12;0;htc-cmp001;Wed Apr  5 12:27:45 2023
MultiBN;3DIM;SANTOS;GrafosGrid;Conjunto6;12.gridanticorr3.tree;12;16;0;0;0.000021;0.001448;0.001000;186;2158;0;0;287;0;htc-cmp001;Wed Apr  5 12:28:13 2023
MultiBN;3DIM;SANTOS;GrafosGrid;Conjunto6;20.gridanticorr3.tree;20;28;0;0;0.000035;0.892514;0.893000;1081;287145;0;0;9799;0;htc-cmp001;Wed Apr  5 12:28:13 2023
MultiBN;3DIM;SANTOS;GrafosGrid;Conjunto6;20.gridanticorr1.tree;20;28;4;0;0.000033;0.024104;0.024000;198;15889;0;0;1427;0;htc-cmp001;Wed Apr  5 12:28:13 2023
MultiBN;3DIM;SANTOS;GrafosGrid;Conjunto6;24.gridanticorr1.tree;24;38;4;1;0.000048;10.903047;10.902000;741;1480868;0;0;63913;0;htc-cmp001;Wed Apr  5 12:28:12 2023
MultiBN;3DIM;SANTOS;GrafosGrid;Conjunto6;6.gridanticorr1.tree;6;7;2;0;0.000012;0.000009;0.000000;6;9;0;0;7;0;htc-cmp001;Wed Apr  5 12:28:14 2023
MultiBN;3DIM;SANTOS;GrafosGrid;Conjunto8;24.gridanticorr3.tree;24;38;0;0;0.000054;627.179371;627.137000;5672;50776178;0;0;536235;0;htc-cmp001;Wed Apr  5 12:27:19 2023
MultiBN;3DIM;SANTOS;GrafosGrid;Conjunto5;18.gridanticorr2.tree;18;25;4;0;0.000030;0.014947;0.015000;248;15416;0;0;1148;0;htc-cmp001;Wed Apr  5 12:28:40 2023
MultiBN;3DIM;SANTOS;GrafosGrid;Conjunto5;6.gridanticorr3.tree;6;7;0;0;0.000012;0.000020;0.000000;12;29;0;0;19;0;htc-cmp001;Wed Apr  5 12:28:40 2023
MultiBN;3DIM;SANTOS;GrafosGrid;Conjunto5;12.gridanticorr2.tree;12;16;1;0;0.000022;0.000793;0.000000;72;1042;0;0;188;0;htc-cmp001;Wed Apr  5 12:28:40 2023
MultiBN;3DIM;SANTOS;GrafosGrid;Conjunto5;12.gridanticorr1.tree;12;16;1;0;0.000020;0.000503;0.000000;38;761;0;0;188;0;htc-cmp001;Wed Apr  5 12:28:41 2023
MultiBN;3DIM;SANTOS;GrafosGrid;Conjunto5;30.gridanticorr1.tree;30;47;7;2;0.000067;54.125023;54.128000;1171;6618692;0;0;194446;0;htc-cmp001;Wed Apr  5 12:29:24 2023
MultiBN;3DIM;SANTOS;GrafosGrid;Conjunto5;18.gridanticorr3.tree;18;25;1;0;0.000031;0.117335;0.117000;841;54513;0;0;2665;0;htc-cmp001;Wed Apr  5 12:29:31 2023
MultiBN;3DIM;SANTOS;GrafosGrid;Conjunto5;20.gridanticorr2.tree;20;28;1;0;0.000036;0.196512;0.196000;307;80343;0;0;6436;0;htc-cmp001;Wed Apr  5 12:29:32 2023
MultiBN;3DIM;SANTOS;GrafosGrid;Conjunto5;18.gridanticorr1.tree;18;25;3;0;0.000033;0.011419;0.011000;142;9411;0;0;1083;0;htc-cmp001;Wed Apr  5 12:29:32 2023
MultiBN;3DIM;SANTOS;GrafosGrid;Conjunto9;24.gridanticorr3.tree;24;38;0;0;0.000052;442.046525;441.986000;3233;37469338;0;0;536235;0;htc-cmp001;Wed Apr  5 12:29:05 2023
MultiBN;3DIM;SANTOS;GrafosGrid;Conjunto6;27.gridanticorr1.tree;27;42;2;0;0.000060;305.412262;305.417000;1375;28373863;0;0;788124;0;htc-cmp001;Wed Apr  5 12:29:26 2023
MultiBN;3DIM;SANTOS;GrafosGrid;Conjunto7;27.gridanticorr2.tree;27;42;1;0;0.000060;667.620454;667.630000;3065;63661870;0;0;1047438;0;htc-cmp001;Wed Apr  5 12:29:05 2023
MultiBN;3DIM;SANTOS;GrafosGrid;Conjunto5;6.gridanticorr2.tree;6;7;1;0;0.000012;0.000014;0.000000;10;16;0;0;11;0;htc-cmp001;Wed Apr  5 12:30:17 2023
MultiBN;3DIM;SANTOS;GrafosGrid;Conjunto5;20.gridanticorr3.tree;20;28;1;0;0.000032;0.544527;0.544000;2104;217057;0;0;5620;0;htc-cmp001;Wed Apr  5 12:30:51 2023
MultiBN;3DIM;SANTOS;GrafosGrid;Conjunto5;12.gridanticorr3.tree;12;16;0;0;0.000020;0.001621;0.001000;210;2276;0;0;287;0;htc-cmp001;Wed Apr  5 12:30:51 2023
MultiBN;3DIM;SANTOS;GrafosGrid;Conjunto8;27.gridanticorr2.tree;27;42;1;0;0.000161;759.341347;759.332000;3572;65728946;0;0;914064;0;htc-cmp001;Wed Apr  5 12:29:33 2023
MultiBN;3DIM;SANTOS;GrafosGrid;Conjunto5;20.gridanticorr1.tree;20;28;2;0;0.000042;0.119735;0.119000;379;55062;0;0;3770;0;htc-cmp001;Wed Apr  5 12:30:54 2023
MultiBN;3DIM;SANTOS;GrafosGrid;Conjunto5;6.gridanticorr1.tree;6;7;1;0;0.000011;0.000017;0.000000;7;21;0;0;14;0;htc-cmp001;Wed Apr  5 12:31:17 2023
MultiBN;3DIM;SANTOS;GrafosGrid;Conjunto6;24.gridanticorr2.tree;24;38;0;0;0.000052;401.723677;401.704000;2459;30906447;0;0;536235;0;htc-cmp001;Wed Apr  5 12:31:02 2023
MultiBN;3DIM;SANTOS;GrafosGrid;Conjunto5;24.gridanticorr1.tree;24;38;1;0;0.000056;63.399929;63.402000;865;7554382;0;0;322748;0;htc-cmp001;Wed Apr  5 12:31:37 2023
MultiBN;3DIM;SANTOS;GrafosGrid;Conjunto4;18.gridanticorr2.tree;18;25;0;0;0.000031;0.125017;0.124000;484;61945;0;0;4058;0;htc-cmp001;Wed Apr  5 12:31:46 2023
MultiBN;3DIM;SANTOS;GrafosGrid;Conjunto4;6.gridanticorr3.tree;6;7;0;0;0.000011;0.000019;0.000000;13;30;0;0;19;0;htc-cmp001;Wed Apr  5 12:31:46 2023
MultiBN;3DIM;SANTOS;GrafosGrid;Conjunto4;12.gridanticorr2.tree;12;16;2;0;0.000020;0.000439;0.000000;69;614;0;0;110;0;htc-cmp001;Wed Apr  5 12:31:46 2023
MultiBN;3DIM;SANTOS;GrafosGrid;Conjunto9;27.gridanticorr2.tree;27;42;2;0;0.000067;515.823686;515.812000;2877;45162297;0;0;762318;0;htc-cmp001;Wed Apr  5 12:31:12 2023
MultiBN;3DIM;SANTOS;GrafosGrid;Conjunto4;12.gridanticorr1.tree;12;16;3;0;0.000021;0.000243;0.000000;37;308;0;0;74;0;htc-cmp001;Wed Apr  5 12:32:09 2023
MultiBN;3DIM;SANTOS;GrafosGrid;Conjunto4;18.gridanticorr3.tree;18;25;1;0;0.000032;0.090764;0.090000;491;48346;0;0;2841;0;htc-cmp001;Wed Apr  5 12:33:01 2023
MultiBN;3DIM;SANTOS;GrafosGrid;Conjunto4;20.gridanticorr2.tree;20;28;2;0;0.000036;0.190189;0.190000;755;88145;0;0;4057;0;htc-cmp001;Wed Apr  5 12:33:01 2023
MultiBN;3DIM;SANTOS;GrafosGrid;Conjunto4;18.gridanticorr1.tree;18;25;1;0;0.000031;0.042658;0.042000;175;25682;0;0;2078;0;htc-cmp001;Wed Apr  5 12:33:02 2023
MultiBN;3DIM;SANTOS;GrafosGrid;Conjunto5;24.gridanticorr2.tree;24;38;0;0;0.000053;237.052971;237.047000;1807;20690506;0;0;536235;0;htc-cmp001;Wed Apr  5 12:32:38 2023
MultiBN;3DIM;SANTOS;GrafosGrid;Conjunto4;6.gridanticorr2.tree;6;7;0;0;0.000012;0.000022;0.000000;13;30;0;0;19;0;htc-cmp001;Wed Apr  5 12:33:59 2023
MultiBN;3DIM;SANTOS;GrafosGrid;Conjunto4;24.gridanticorr2.tree;24;38;0;0;0.000061;137.390411;137.394000;1093;14775672;0;0;536235;0;htc-cmp001;Wed Apr  5 12:34:04 2023
MultiBN;3DIM;SANTOS;GrafosGrid;Conjunto4;24.gridanticorr1.tree;24;38;3;2;0.000049;11.337523;11.337000;644;1638027;0;0;79339;0;htc-cmp001;Wed Apr  5 12:35:26 2023
MultiBN;3DIM;SANTOS;GrafosGrid;Conjunto4;20.gridanticorr3.tree;20;28;0;0;0.000036;0.872474;0.873000;1143;280267;0;0;9799;0;htc-cmp001;Wed Apr  5 12:35:29 2023
MultiBN;3DIM;SANTOS;GrafosGrid;Conjunto4;12.gridanticorr3.tree;12;16;1;0;0.000022;0.000880;0.000000;130;1207;0;0;188;0;htc-cmp001;Wed Apr  5 12:35:29 2023
MultiBN;3DIM;SANTOS;GrafosGrid;Conjunto4;20.gridanticorr1.tree;20;28;3;0;0.000034;0.089944;0.090000;585;48538;0;0;2665;0;htc-cmp001;Wed Apr  5 12:35:47 2023
MultiBN;3DIM;SANTOS;GrafosGrid;Conjunto4;27.gridanticorr1.tree;27;42;2;1;0.000062;236.735558;236.746000;1391;21931823;0;0;619256;0;htc-cmp001;Wed Apr  5 12:35:46 2023
MultiBN;3DIM;SANTOS;GrafosGrid;Conjunto4;6.gridanticorr1.tree;6;7;0;0;0.000011;0.000020;0.000000;15;30;0;0;19;0;htc-cmp001;Wed Apr  5 12:36:12 2023
MultiBN;3DIM;SANTOS;GrafosGrid;Conjunto6;27.gridanticorr2.tree;27;42;1;0;0.000060;466.328847;466.356000;1301;47423294;0;0;1120611;0;htc-cmp001;Wed Apr  5 12:35:32 2023
MultiBN;3DIM;SANTOS;GrafosGrid;Conjunto1;18.gridanticorr2.tree;18;25;0;0;0.000037;0.127054;0.127000;309;56746;0;0;4058;0;htc-cmp001;Wed Apr  5 12:36:43 2023
MultiBN;3DIM;SANTOS;GrafosGrid;Conjunto1;6.gridanticorr3.tree;6;7;0;0;0.000011;0.000020;0.000000;15;30;0;0;19;0;htc-cmp001;Wed Apr  5 12:36:43 2023
MultiBN;3DIM;SANTOS;GrafosGrid;Conjunto1;12.gridanticorr2.tree;12;16;1;0;0.000020;0.000723;0.000000;67;1064;0;0;205;0;htc-cmp001;Wed Apr  5 12:36:44 2023
MultiBN;3DIM;SANTOS;GrafosGrid;Conjunto1;30.gridanticorr1.tree;30;47;9;2;0.000066;26.289964;26.289000;805;3165005;0;0;84503;0;htc-cmp001;Wed Apr  5 12:36:44 2023
MultiBN;3DIM;SANTOS;GrafosGrid;Conjunto1;27.gridanticorr1.tree;27;42;9;2;0.000053;1.594039;1.594000;378;384203;0;0;17409;0;htc-cmp001;Wed Apr  5 12:36:50 2023
MultiBN;3DIM;SANTOS;GrafosGrid;Conjunto1;12.gridanticorr1.tree;12;16;1;0;0.000027;0.000820;0.000000;100;1024;0;0;195;0;htc-cmp001;Wed Apr  5 12:36:50 2023
MultiBN;3DIM;SANTOS;GrafosGrid;Conjunto6;24.gridanticorr3.tree;24;38;0;0;0.000050;556.775659;556.737000;4647;46813255;0;0;536235;0;htc-cmp001;Wed Apr  5 12:35:51 2023
MultiBN;3DIM;SANTOS;GrafosGrid;Conjunto1;18.gridanticorr3.tree;18;25;0;0;0.000030;0.179571;0.179000;682;76587;0;0;4058;0;htc-cmp001;Wed Apr  5 12:37:21 2023
MultiBN;3DIM;SANTOS;GrafosGrid;Conjunto1;20.gridanticorr2.tree;20;28;4;0;0.000033;0.038167;0.037000;260;22542;0;0;1342;0;htc-cmp001;Wed Apr  5 12:37:22 2023
MultiBN;3DIM;SANTOS;GrafosGrid;Conjunto1;18.gridanticorr1.tree;18;25;4;1;0.000029;0.005459;0.005000;133;6431;0;0;692;0;htc-cmp001;Wed Apr  5 12:37:22 2023
MultiBN;3DIM;SANTOS;GrafosGrid;Conjunto4;27.gridanticorr2.tree;27;42;3;0;0.000067;165.456196;165.458000;1854;16654964;0;0;340714;0;htc-cmp001;Wed Apr  5 12:37:07 2023
MultiBN;3DIM;SANTOS;GrafosGrid;Conjunto4;24.gridanticorr3.tree;24;38;0;0;0.000051;355.937548;355.920000;3118;31642430;0;0;536235;0;htc-cmp001;Wed Apr  5 12:39:00 2023
MultiBN;3DIM;SANTOS;GrafosGrid;Conjunto1;6.gridanticorr2.tree;6;7;1;0;0.000013;0.000012;0.000000;7;15;0;0;12;0;htc-cmp001;Wed Apr  5 12:40:19 2023
MultiBN;3DIM;SANTOS;GrafosGrid;Conjunto1;24.gridanticorr2.tree;24;38;0;1;0.000051;219.764982;219.761000;2234;20245524;0;0;461964;0;htc-cmp001;Wed Apr  5 12:40:24 2023
MultiBN;3DIM;SANTOS;GrafosGrid;Conjunto1;24.gridanticorr1.tree;24;38;5;2;0.000050;3.404026;3.404000;558;711374;0;0;32941;0;htc-cmp001;Wed Apr  5 12:40:55 2023
MultiBN;3DIM;SANTOS;GrafosGrid;Conjunto1;20.gridanticorr3.tree;20;28;1;0;0.000036;0.483034;0.483000;1156;201147;0;0;7419;0;htc-cmp001;Wed Apr  5 12:41:32 2023
MultiBN;3DIM;SANTOS;GrafosGrid;Conjunto1;12.gridanticorr3.tree;12;16;0;0;0.000030;0.001684;0.001000;290;2520;0;0;287;0;htc-cmp001;Wed Apr  5 12:41:32 2023
MultiBN;3DIM;SANTOS;GrafosGrid;Conjunto1;20.gridanticorr1.tree;20;28;4;0;0.000032;0.019834;0.019000;188;17128;0;0;1503;0;htc-cmp001;Wed Apr  5 12:41:33 2023
MultiBN;3DIM;SANTOS;GrafosGrid;Conjunto5;27.gridanticorr1.tree;27;42;0;0;0.000059;717.947653;718.032000;2145;62558322;0;0;1713710;0;htc-cmp001;Wed Apr  5 12:40:39 2023
MultiBN;3DIM;SANTOS;GrafosGrid;Conjunto1;6.gridanticorr1.tree;6;7;2;0;0.000011;0.000009;0.000000;5;10;0;0;8;0;htc-cmp001;Wed Apr  5 12:41:54 2023
MultiBN;3DIM;SANTOS;GrafosGrid;Conjunto9;38.gridanticorr2.tree;38;55;8;0;0.000072;1138.631837;1139.605000;3171;105818192;0;0;1324814;0;htc-cmp001;Wed Apr  5 12:40:15 2023
MultiBN;3DIM;SANTOS;GrafosGrid;Conjunto5;24.gridanticorr3.tree;24;38;0;0;0.000052;692.733595;692.585000;5826;53494886;0;0;536235;0;htc-cmp001;Wed Apr  5 12:41:29 2023
MultiBN;3DIM;SANTOS;GrafosGrid;Conjunto3;18.gridanticorr2.tree;18;25;1;0;0.000030;0.105799;0.105000;477;49339;0;0;2868;0;htc-cmp001;Wed Apr  5 12:42:45 2023
MultiBN;3DIM;SANTOS;GrafosGrid;Conjunto3;6.gridanticorr3.tree;6;7;0;0;0.000011;0.000019;0.000000;15;30;0;0;19;0;htc-cmp001;Wed Apr  5 12:42:45 2023
MultiBN;3DIM;SANTOS;GrafosGrid;Conjunto3;12.gridanticorr2.tree;12;16;0;0;0.000021;0.000896;0.000000;84;1436;0;0;287;0;htc-cmp001;Wed Apr  5 12:42:45 2023
MultiBN;3DIM;SANTOS;GrafosGrid;Conjunto3;12.gridanticorr1.tree;12;16;1;0;0.000024;0.000726;0.000000;39;902;0;0;215;0;htc-cmp001;Wed Apr  5 12:44:12 2023
MultiBN;3DIM;SANTOS;GrafosGrid;Conjunto9;30.gridanticorr1.tree;30;47;3;1;0.000068;1383.779832;1383.781000;2508;110727825;0;0;2051874;0;htc-cmp001;Wed Apr  5 12:42:13 2023
MultiBN;3DIM;SANTOS;GrafosGrid;Conjunto3;18.gridanticorr3.tree;18;25;0;0;0.000031;0.230077;0.229000;720;85952;0;0;4058;0;htc-cmp001;Wed Apr  5 12:44:20 2023
MultiBN;3DIM;SANTOS;GrafosGrid;Conjunto3;20.gridanticorr2.tree;20;28;0;0;0.000036;0.664809;0.665000;873;210010;0;0;9799;0;htc-cmp001;Wed Apr  5 12:44:21 2023
MultiBN;3DIM;SANTOS;GrafosGrid;Conjunto3;18.gridanticorr1.tree;18;25;3;1;0.000033;0.014933;0.015000;132;12108;0;0;1196;0;htc-cmp001;Wed Apr  5 12:44:22 2023
MultiBN;3DIM;SANTOS;GrafosGrid;Conjunto1;24.gridanticorr3.tree;24;38;0;0;0.000055;399.221624;399.203000;3574;37487266;0;0;536235;0;htc-cmp001;Wed Apr  5 12:44:38 2023
MultiBN;3DIM;SANTOS;GrafosGrid;Conjunto3;6.gridanticorr2.tree;6;7;0;0;0.000011;0.000019;0.000000;12;30;0;0;19;0;htc-cmp001;Wed Apr  5 12:45:54 2023
MultiBN;3DIM;SANTOS;GrafosGrid;Conjunto5;27.gridanticorr2.tree;27;42;1;0;0.000058;867.518757;867.509000;4093;71839000;0;0;1018332;0;htc-cmp001;Wed Apr  5 12:44:46 2023
MultiBN;3DIM;SANTOS;GrafosGrid;Conjunto3;24.gridanticorr1.tree;24;38;2;1;0.000068;30.486246;30.488000;1024;4352734;0;0;153155;0;htc-cmp001;Wed Apr  5 12:46:51 2023
MultiBN;3DIM;SANTOS;GrafosGrid;Conjunto3;20.gridanticorr3.tree;20;28;0;0;0.000035;0.814953;0.815000;1284;280625;0;0;9799;0;htc-cmp001;Wed Apr  5 12:46:57 2023
MultiBN;3DIM;SANTOS;GrafosGrid;Conjunto3;12.gridanticorr3.tree;12;16;1;0;0.000027;0.001384;0.001000;109;1541;0;0;236;0;htc-cmp001;Wed Apr  5 12:46:57 2023
MultiBN;3DIM;SANTOS;GrafosGrid;Conjunto3;24.gridanticorr2.tree;24;38;0;0;0.000051;223.670420;223.654000;2375;20064545;0;0;536235;0;htc-cmp001;Wed Apr  5 12:46:29 2023
MultiBN;3DIM;SANTOS;GrafosGrid;Conjunto3;20.gridanticorr1.tree;20;28;2;1;0.000036;0.087595;0.087000;154;45425;0;0;4186;0;htc-cmp001;Wed Apr  5 12:46:58 2023
MultiBN;3DIM;SANTOS;GrafosGrid;Conjunto3;6.gridanticorr1.tree;6;7;0;0;0.000012;0.000019;0.000000;9;30;0;0;19;0;htc-cmp001;Wed Apr  5 12:47:04 2023
MultiBN;3DIM;SANTOS;GrafosGrid;Conjunto3;27.gridanticorr1.tree;27;42;2;0;0.000062;223.637242;223.653000;1560;23431529;0;0;639052;0;htc-cmp001;Wed Apr  5 12:47:01 2023
MultiBN;3DIM;SANTOS;GrafosGrid;Conjunto2;18.gridanticorr2.tree;18;25;0;0;0.000033;0.134202;0.134000;469;62841;0;0;4058;0;htc-cmp001;Wed Apr  5 12:47:27 2023
MultiBN;3DIM;SANTOS;GrafosGrid;Conjunto2;6.gridanticorr3.tree;6;7;0;0;0.000011;0.000020;0.000000;15;30;0;0;19;0;htc-cmp001;Wed Apr  5 12:47:27 2023
MultiBN;3DIM;SANTOS;GrafosGrid;Conjunto2;12.gridanticorr2.tree;12;16;1;0;0.000029;0.001073;0.001000;160;1558;0;0;215;0;htc-cmp001;Wed Apr  5 12:47:28 2023
MultiBN;3DIM;SANTOS;GrafosGrid;Conjunto1;27.gridanticorr2.tree;27;42;1;1;0.000062;366.986143;367.017000;1643;34132427;0;0;746714;0;htc-cmp001;Wed Apr  5 12:46:58 2023
MultiBN;3DIM;SANTOS;GrafosGrid;Conjunto2;12.gridanticorr1.tree;12;16;3;0;0.000026;0.000310;0.000000;58;452;0;0;79;0;htc-cmp001;Wed Apr  5 12:47:41 2023
MultiBN;3DIM;SANTOS;GrafosGrid;Conjunto2;27.gridanticorr1.tree;27;42;4;1;0.000062;47.147031;47.151000;1139;5740444;0;0;163924;0;htc-cmp001;Wed Apr  5 12:48:23 2023
MultiBN;3DIM;SANTOS;GrafosGrid;Conjunto2;18.gridanticorr3.tree;18;25;1;0;0.000031;0.126752;0.126000;876;55980;0;0;2377;0;htc-cmp001;Wed Apr  5 12:48:30 2023
MultiBN;3DIM;SANTOS;GrafosGrid;Conjunto2;20.gridanticorr2.tree;20;28;0;0;0.000038;0.396587;0.397000;366;136421;0;0;9799;0;htc-cmp001;Wed Apr  5 12:48:30 2023
MultiBN;3DIM;SANTOS;GrafosGrid;Conjunto2;18.gridanticorr1.tree;18;25;4;1;0.000029;0.002968;0.003000;63;3560;0;0;416;0;htc-cmp001;Wed Apr  5 12:48:30 2023
MultiBN;3DIM;SANTOS;GrafosGrid;Conjunto4;38.gridanticorr1.tree;38;55;7;1;0.000077;771.873160;773.943000;2564;72891896;0;0;1146366;0;htc-cmp001;Wed Apr  5 12:48:35 2023
MultiBN;3DIM;SANTOS;GrafosGrid;Conjunto2;24.gridanticorr2.tree;24;38;0;0;0.000056;160.598919;160.602000;1265;16603960;0;0;536235;0;htc-cmp001;Wed Apr  5 12:50:08 2023
MultiBN;3DIM;SANTOS;GrafosGrid;Conjunto2;6.gridanticorr2.tree;6;7;1;0;0.000011;0.000013;0.000000;9;16;0;0;11;0;htc-cmp001;Wed Apr  5 12:50:29 2023
MultiBN;3DIM;SANTOS;GrafosGrid;Conjunto5;27.gridanticorr3.tree;27;42;1;0;0.000057;1208.733571;1208.689000;5188;99095117;0;0;1045559;0;htc-cmp001;Wed Apr  5 12:49:41 2023
MultiBN;3DIM;SANTOS;GrafosGrid;Conjunto2;12.gridanticorr3.tree;12;16;1;0;0.000020;0.000772;0.000000;150;1182;0;0;168;0;htc-cmp001;Wed Apr  5 12:52:07 2023
MultiBN;3DIM;SANTOS;GrafosGrid;Conjunto2;20.gridanticorr3.tree;20;28;0;0;0.000035;0.865641;0.866000;1177;275500;0;0;9799;0;htc-cmp001;Wed Apr  5 12:52:07 2023
MultiBN;3DIM;SANTOS;GrafosGrid;Conjunto2;20.gridanticorr1.tree;20;28;4;1;0.000035;0.009063;0.009000;100;7968;0;0;706;0;htc-cmp001;Wed Apr  5 12:52:07 2023
MultiBN;3DIM;SANTOS;GrafosGrid;Conjunto3;27.gridanticorr2.tree;27;42;2;0;0.000066;342.669316;342.673000;2181;30166153;0;0;654789;0;htc-cmp001;Wed Apr  5 12:51:48 2023
MultiBN;3DIM;SANTOS;GrafosGrid;Conjunto2;6.gridanticorr1.tree;6;7;3;0;0.000012;0.000004;0.000000;4;3;0;0;3;0;htc-cmp001;Wed Apr  5 12:52:27 2023
MultiBN;3DIM;SANTOS;GrafosGrid;Conjunto3;24.gridanticorr3.tree;24;38;0;0;0.000049;434.572187;434.549000;4390;38269727;0;0;536235;0;htc-cmp001;Wed Apr  5 12:51:58 2023
MultiBN;3DIM;SANTOS;GrafosGrid;Conjunto10;18.gridanticorr2.tree;18;25;3;0;0.000028;0.041219;0.041000;323;25163;0;0;1866;0;htc-cmp001;Wed Apr  5 12:52:49 2023
MultiBN;3DIM;SANTOS;GrafosGrid;Conjunto10;6.gridanticorr3.tree;6;7;0;0;0.000012;0.000020;0.000000;15;30;0;0;19;0;htc-cmp001;Wed Apr  5 12:52:49 2023
MultiBN;3DIM;SANTOS;GrafosGrid;Conjunto10;12.gridanticorr2.tree;12;16;2;0;0.000020;0.000513;0.000000;90;720;0;0;127;0;htc-cmp001;Wed Apr  5 12:52:50 2023
MultiBN;3DIM;SANTOS;GrafosGrid;Conjunto10;24.gridanticorr2.tree;24;38;2;0;0.000057;68.722440;68.720000;1353;8097800;0;0;209316;0;htc-cmp001;Wed Apr  5 12:53:59 2023
MultiBN;3DIM;SANTOS;GrafosGrid;Conjunto10;12.gridanticorr1.tree;12;16;2;0;0.000022;0.000403;0.000000;44;479;0;0;118;0;htc-cmp001;Wed Apr  5 12:54:08 2023
MultiBN;3DIM;SANTOS;GrafosGrid;Conjunto1;38.gridanticorr1.tree;38;55;7;1;0.000093;667.703710;669.895000;1902;65450436;0;0;1139684;0;htc-cmp001;Wed Apr  5 12:52:53 2023
MultiBN;3DIM;SANTOS;GrafosGrid;Conjunto2;33.gridanticorr1.tree;33;52;8;3;0.000083;222.301456;222.316000;1582;24314906;0;0;593410;0;htc-cmp001;Wed Apr  5 12:54:12 2023
MultiBN;3DIM;SANTOS;GrafosGrid;Conjunto10;18.gridanticorr3.tree;18;25;0;0;0.000029;0.215091;0.215000;979;97372;0;0;4058;0;htc-cmp001;Wed Apr  5 12:54:37 2023
MultiBN;3DIM;SANTOS;GrafosGrid;Conjunto10;20.gridanticorr2.tree;20;28;1;0;0.000034;0.293394;0.293000;572;119053;0;0;6880;0;htc-cmp001;Wed Apr  5 12:54:38 2023
MultiBN;3DIM;SANTOS;GrafosGrid;Conjunto10;18.gridanticorr1.tree;18;25;5;0;0.000030;0.003300;0.003000;130;4458;0;0;472;0;htc-cmp001;Wed Apr  5 12:54:38 2023
MultiBN;3DIM;SANTOS;GrafosGrid;Conjunto4;30.gridanticorr1.tree;30;47;2;1;0.000067;1277.171436;1277.339000;1419;119231670;0;0;2736833;0;htc-cmp001;Wed Apr  5 12:52:37 2023
MultiBN;3DIM;SANTOS;GrafosGrid;Conjunto10;6.gridanticorr2.tree;6;7;1;1;0.000013;0.000008;0.000000;5;10;0;0;11;0;htc-cmp001;Wed Apr  5 12:55:07 2023
MultiBN;3DIM;SANTOS;GrafosGrid;Conjunto2;24.gridanticorr1.tree;24;38;0;1;0.000057;169.591771;169.591000;1724;15922678;0;0;461964;0;htc-cmp001;Wed Apr  5 12:54:55 2023
MultiBN;3DIM;SANTOS;GrafosGrid;Conjunto10;24.gridanticorr1.tree;24;38;4;1;0.000051;10.336899;10.337000;782;1615468;0;0;60509;0;htc-cmp001;Wed Apr  5 12:56:24 2023
MultiBN;3DIM;SANTOS;GrafosGrid;Conjunto10;20.gridanticorr3.tree;20;28;4;0;0.000040;0.113242;0.113000;732;54013;0;0;1876;0;htc-cmp001;Wed Apr  5 12:56:26 2023
MultiBN;3DIM;SANTOS;GrafosGrid;Conjunto10;12.gridanticorr3.tree;12;16;1;0;0.000021;0.001405;0.001000;229;1996;0;0;236;0;htc-cmp001;Wed Apr  5 12:56:27 2023
MultiBN;3DIM;SANTOS;GrafosGrid;Conjunto10;20.gridanticorr1.tree;20;28;5;1;0.000033;0.009505;0.009000;144;9223;0;0;1054;0;htc-cmp001;Wed Apr  5 12:56:54 2023
MultiBN;3DIM;SANTOS;GrafosGrid;Conjunto10;6.gridanticorr1.tree;6;7;1;0;0.000013;0.000019;0.000000;11;22;0;0;14;0;htc-cmp001;Wed Apr  5 12:57:24 2023
MultiBN;3DIM;SANTOS;GrafosGrid;Conjunto2;38.gridanticorr1.tree;38;55;8;2;0.000077;302.456529;303.562000;2172;31564730;0;0;708310;0;htc-cmp001;Wed Apr  5 12:57:16 2023
MultiBN;3DIM;SANTOS;GrafosGrid;Conjunto6;27.gridanticorr3.tree;27;42;1;0;0.000057;1970.561090;1970.435000;7919;138448522;0;0;1045559;0;htc-cmp001;Wed Apr  5 12:58:03 2023
MultiBN;3DIM;SANTOS;GrafosGrid;Conjunto4;27.gridanticorr3.tree;27;42;0;0;0.000054;1575.367128;1575.362000;4002;141421423;0;0;1713710;0;htc-cmp001;Wed Apr  5 12:59:18 2023
MultiBN;3DIM;SANTOS;GrafosGrid;Conjunto10;27.gridanticorr1.tree;27;42;0;0;0.000061;517.312022;517.403000;1460;55541357;0;0;1713710;0;htc-cmp001;Wed Apr  5 13:01:36 2023
MultiBN;3DIM;SANTOS;GrafosGrid;Conjunto2;24.gridanticorr3.tree;24;38;0;0;0.000061;737.822076;737.769000;8534;61022713;0;0;536235;0;htc-cmp001;Wed Apr  5 13:01:41 2023
MultiBN;3DIM;SANTOS;GrafosGrid;Conjunto3;30.gridanticorr1.tree;30;47;2;0;0.000067;1211.647844;1211.794000;1278;105822236;0;0;2821460;0;htc-cmp001;Wed Apr  5 13:02:39 2023
MultiBN;3DIM;SANTOS;GrafosGrid;Conjunto10;24.gridanticorr3.tree;24;38;0;0;0.000049;602.963797;602.923000;6567;52626496;0;0;536235;0;htc-cmp001;Wed Apr  5 13:04:42 2023
MultiBN;3DIM;SANTOS;GrafosGrid;Conjunto2;27.gridanticorr2.tree;27;42;0;0;0.000059;816.396387;816.472000;1891;74650605;0;0;1713710;0;htc-cmp001;Wed Apr  5 13:04:41 2023
MultiBN;3DIM;SANTOS;GrafosGrid;Conjunto10;38.gridanticorr1.tree;38;55;8;0;0.000072;597.843477;598.808000;2797;62612102;0;0;830142;0;htc-cmp001;Wed Apr  5 13:06:31 2023
MultiBN;3DIM;SANTOS;GrafosGrid;Conjunto1;27.gridanticorr3.tree;27;42;0;0;0.000055;1645.935571;1645.914000;4590;144913647;0;0;1713710;0;htc-cmp001;Wed Apr  5 13:04:49 2023
MultiBN;3DIM;SANTOS;GrafosGrid;Conjunto10;27.gridanticorr2.tree;27;42;0;0;0.000059;1084.525358;1084.552000;3863;98111378;0;0;1713710;0;htc-cmp001;Wed Apr  5 13:13:18 2023
MultiBN;3DIM;SANTOS;GrafosGrid;Conjunto2;30.gridanticorr1.tree;30;47;2;0;0.000080;1804.806777;1804.444000;2284;140124727;0;0;3328288;0;htc-cmp001;Wed Apr  5 13:17:32 2023
MultiBN;3DIM;SANTOS;GrafosGrid;Conjunto2;27.gridanticorr3.tree;27;42;0;0;0.000057;1935.379511;1935.324000;5281;167783796;0;0;1713710;0;htc-cmp001;Wed Apr  5 13:20:47 2023
MultiBN;3DIM;SANTOS;GrafosGrid;Conjunto3;33.gridanticorr1.tree;33;52;5;1;0.000072;2387.238591;2387.276000;2765;190734062;0;0;3087999;0;htc-cmp001;Wed Apr  5 13:25:44 2023