MultiPrim;4DIM;SANTOS;GrafosGrid;Conjunto8;40.gridcorr3.tree;40;66;34;21;0.000239;0.000022;0.000000;12;50;39;0;11;23;htc-cmp010;Wed Apr 12 11:20:37 2023
MultiPrim;4DIM;SANTOS;GrafosGrid;Conjunto8;18.gridcorr1.tree;18;25;2;1;0.000030;0.003268;0.003000;230;5342;4894;0;403;1828;htc-cmp010;Wed Apr 12 11:20:37 2023
MultiPrim;4DIM;SANTOS;GrafosGrid;Conjunto8;18.gridcorr3.tree;18;25;15;6;0.000019;0.000003;0.000000;3;6;3;0;3;4;htc-cmp010;Wed Apr 12 11:20:37 2023
MultiPrim;4DIM;SANTOS;GrafosGrid;Conjunto8;36.gridcorr3.tree;36;57;31;18;0.000192;0.000049;0.000000;12;32;19;0;13;32;htc-cmp010;Wed Apr 12 11:20:37 2023
MultiPrim;4DIM;SANTOS;GrafosGrid;Conjunto8;27.gridcorr3.tree;27;42;20;10;0.000040;0.000010;0.000000;12;37;30;0;7;12;htc-cmp010;Wed Apr 12 11:20:38 2023
MultiPrim;4DIM;SANTOS;GrafosGrid;Conjunto8;20.gridcorr3.tree;20;28;18;8;0.000024;0.000001;0.000000;2;3;1;0;2;2;htc-cmp010;Wed Apr 12 11:20:38 2023
MultiPrim;4DIM;SANTOS;GrafosGrid;Conjunto8;24.gridcorr1.tree;24;38;5;0;0.000049;0.104884;0.106000;350;82924;77118;0;5535;33328;htc-cmp010;Wed Apr 12 11:20:38 2023
MultiPrim;4DIM;SANTOS;GrafosGrid;Conjunto8;12.gridcorr1.tree;12;16;1;0;0.000020;0.000804;0.000000;96;1342;1091;0;236;1144;htc-cmp010;Wed Apr 12 11:20:39 2023
MultiPrim;4DIM;SANTOS;GrafosGrid;Conjunto8;18.gridcorr2.tree;18;25;9;2;0.000026;0.000058;0.000000;41;174;152;0;22;52;htc-cmp010;Wed Apr 12 11:20:39 2023
MultiPrim;4DIM;SANTOS;GrafosGrid;Conjunto8;6.gridcorr3.tree;6;7;5;2;0.000007;0.000000;0.000000;1;0;0;0;0;0;htc-cmp010;Wed Apr 12 11:20:39 2023
MultiPrim;4DIM;SANTOS;GrafosGrid;Conjunto8;40.gridcorr2.tree;40;66;15;9;0.000297;1.768056;1.816000;684;550327;504324;0;20802;104442;htc-cmp010;Wed Apr 12 11:20:39 2023
MultiPrim;4DIM;SANTOS;GrafosGrid;Conjunto8;33.gridcorr2.tree;33;52;19;12;0.000065;0.001294;0.001000;68;2252;1947;0;256;1024;htc-cmp010;Wed Apr 12 11:20:40 2023
MultiPrim;4DIM;SANTOS;GrafosGrid;Conjunto8;36.gridcorr2.tree;36;57;18;8;0.000069;0.031099;0.031000;275;36050;33660;0;1565;6204;htc-cmp010;Wed Apr 12 11:20:40 2023
MultiPrim;4DIM;SANTOS;GrafosGrid;Conjunto8;6.gridcorr1.tree;6;7;0;0;0.000010;0.000022;0.000000;14;44;25;0;19;50;htc-cmp010;Wed Apr 12 11:20:40 2023
MultiPrim;4DIM;SANTOS;GrafosGrid;Conjunto8;24.gridcorr3.tree;24;38;19;11;0.000039;0.000006;0.000000;5;15;10;0;5;8;htc-cmp010;Wed Apr 12 11:20:40 2023
MultiPrim;4DIM;SANTOS;GrafosGrid;Conjunto8;27.gridcorr2.tree;27;42;15;5;0.000049;0.001132;0.001000;87;1884;1569;0;292;1151;htc-cmp010;Wed Apr 12 11:20:41 2023
MultiPrim;4DIM;SANTOS;GrafosGrid;Conjunto8;38.gridcorr3.tree;38;55;33;15;0.000053;0.000007;0.000000;7;18;12;0;6;10;htc-cmp010;Wed Apr 12 11:20:41 2023
MultiPrim;4DIM;SANTOS;GrafosGrid;Conjunto8;20.gridcorr2.tree;20;28;10;2;0.000029;0.000368;0.000000;106;890;843;0;47;189;htc-cmp010;Wed Apr 12 11:20:41 2023
MultiPrim;4DIM;SANTOS;GrafosGrid;Conjunto8;20.gridcorr1.tree;20;28;7;2;0.000031;0.000808;0.000000;129;1758;1563;0;121;430;htc-cmp010;Wed Apr 12 11:20:41 2023
MultiPrim;4DIM;SANTOS;GrafosGrid;Conjunto8;33.gridcorr3.tree;33;52;28;17;0.000059;0.000012;0.000000;6;27;17;0;10;21;htc-cmp010;Wed Apr 12 11:20:42 2023
MultiPrim;4DIM;SANTOS;GrafosGrid;Conjunto8;30.gridcorr2.tree;30;47;10;2;0.000063;0.016294;0.017000;788;18414;17412;0;840;3712;htc-cmp010;Wed Apr 12 11:20:42 2023
MultiPrim;4DIM;SANTOS;GrafosGrid;Conjunto8;30.gridcorr3.tree;30;47;26;15;0.000046;0.000006;0.000000;4;14;8;0;6;13;htc-cmp010;Wed Apr 12 11:20:42 2023
MultiPrim;4DIM;SANTOS;GrafosGrid;Conjunto8;24.gridcorr2.tree;24;38;14;6;0.000043;0.000550;0.000000;78;1132;928;0;136;430;htc-cmp010;Wed Apr 12 11:20:42 2023
MultiPrim;4DIM;SANTOS;GrafosGrid;Conjunto8;6.gridcorr2.tree;6;7;2;0;0.000009;0.000004;0.000000;6;12;7;0;5;8;htc-cmp010;Wed Apr 12 11:20:43 2023
MultiPrim;4DIM;SANTOS;GrafosGrid;Conjunto8;12.gridcorr3.tree;12;16;11;5;0.000013;0.000000;0.000000;1;0;0;0;0;0;htc-cmp010;Wed Apr 12 11:20:43 2023
MultiPrim;4DIM;SANTOS;GrafosGrid;Conjunto8;38.gridcorr2.tree;38;55;21;3;0.000056;0.010936;0.011000;461;13591;13162;0;414;1938;htc-cmp010;Wed Apr 12 11:20:43 2023
MultiPrim;4DIM;SANTOS;GrafosGrid;Conjunto8;12.gridcorr2.tree;12;16;8;2;0.000016;0.000006;0.000000;6;13;7;0;6;11;htc-cmp010;Wed Apr 12 11:20:43 2023
MultiPrim;4DIM;SANTOS;GrafosGrid;Conjunto7;40.gridcorr3.tree;40;66;35;22;0.000077;0.000012;0.000000;12;34;27;0;7;15;htc-cmp010;Wed Apr 12 11:20:44 2023
MultiPrim;4DIM;SANTOS;GrafosGrid;Conjunto7;18.gridcorr1.tree;18;25;9;2;0.000027;0.000145;0.000000;60;299;241;0;52;178;htc-cmp010;Wed Apr 12 11:20:44 2023
MultiPrim;4DIM;SANTOS;GrafosGrid;Conjunto7;18.gridcorr3.tree;18;25;16;7;0.000021;0.000001;0.000000;2;3;1;0;2;2;htc-cmp010;Wed Apr 12 11:20:44 2023
MultiPrim;4DIM;SANTOS;GrafosGrid;Conjunto7;36.gridcorr3.tree;36;57;35;22;0.000060;0.000000;0.000000;1;0;0;0;0;0;htc-cmp010;Wed Apr 12 11:20:44 2023
MultiPrim;4DIM;SANTOS;GrafosGrid;Conjunto7;27.gridcorr3.tree;27;42;22;12;0.000041;0.000012;0.000000;12;33;26;0;7;13;htc-cmp010;Wed Apr 12 11:20:45 2023
MultiPrim;4DIM;SANTOS;GrafosGrid;Conjunto7;20.gridcorr3.tree;20;28;19;9;0.000024;0.000000;0.000000;1;0;0;0;0;0;htc-cmp010;Wed Apr 12 11:20:45 2023
MultiPrim;4DIM;SANTOS;GrafosGrid;Conjunto7;12.gridcorr1.tree;12;16;5;1;0.000018;0.000051;0.000000;45;127;103;0;21;65;htc-cmp010;Wed Apr 12 11:20:46 2023
MultiPrim;4DIM;SANTOS;GrafosGrid;Conjunto7;18.gridcorr2.tree;18;25;10;5;0.000026;0.000058;0.000000;15;121;81;0;39;118;htc-cmp010;Wed Apr 12 11:20:46 2023
MultiPrim;4DIM;SANTOS;GrafosGrid;Conjunto7;6.gridcorr3.tree;6;7;3;0;0.000010;0.000004;0.000000;4;8;4;0;4;7;htc-cmp010;Wed Apr 12 11:20:46 2023
MultiPrim;4DIM;SANTOS;GrafosGrid;Conjunto7;33.gridcorr2.tree;33;52;14;5;0.000064;0.264885;0.265000;1031;140186;138734;0;1452;7513;htc-cmp010;Wed Apr 12 11:20:47 2023
MultiPrim;4DIM;SANTOS;GrafosGrid;Conjunto7;36.gridcorr2.tree;36;57;15;3;0.000132;0.085808;0.087000;609;53134;52340;0;777;3854;htc-cmp010;Wed Apr 12 11:20:47 2023
MultiPrim;4DIM;SANTOS;GrafosGrid;Conjunto7;6.gridcorr1.tree;6;7;1;0;0.000029;0.000030;0.000000;7;18;7;0;11;22;htc-cmp010;Wed Apr 12 11:20:47 2023
MultiPrim;4DIM;SANTOS;GrafosGrid;Conjunto7;24.gridcorr3.tree;24;38;20;13;0.000107;0.000016;0.000000;6;13;8;0;5;8;htc-cmp010;Wed Apr 12 11:20:47 2023
MultiPrim;4DIM;SANTOS;GrafosGrid;Conjunto7;27.gridcorr2.tree;27;42;9;3;0.000053;0.002225;0.002000;271;4138;3615;0;364;1486;htc-cmp010;Wed Apr 12 11:20:48 2023
MultiPrim;4DIM;SANTOS;GrafosGrid;Conjunto7;38.gridcorr3.tree;38;55;31;11;0.000043;0.000014;0.000000;17;55;48;0;7;13;htc-cmp010;Wed Apr 12 11:20:48 2023
MultiPrim;4DIM;SANTOS;GrafosGrid;Conjunto7;20.gridcorr2.tree;20;28;13;2;0.000026;0.000042;0.000000;32;124;109;0;14;35;htc-cmp010;Wed Apr 12 11:20:48 2023
MultiPrim;4DIM;SANTOS;GrafosGrid;Conjunto7;20.gridcorr1.tree;20;28;4;0;0.000033;0.002441;0.002000;210;4820;4455;0;323;1134;htc-cmp010;Wed Apr 12 11:20:49 2023
MultiPrim;4DIM;SANTOS;GrafosGrid;Conjunto7;33.gridcorr3.tree;33;52;29;17;0.000053;0.000006;0.000000;7;14;10;0;4;6;htc-cmp010;Wed Apr 12 11:20:49 2023
MultiPrim;4DIM;SANTOS;GrafosGrid;Conjunto7;30.gridcorr2.tree;30;47;10;2;0.000058;0.029140;0.030000;1017;23505;23337;0;116;348;htc-cmp010;Wed Apr 12 11:20:49 2023
MultiPrim;4DIM;SANTOS;GrafosGrid;Conjunto7;30.gridcorr3.tree;30;47;25;15;0.000048;0.000008;0.000000;6;20;12;0;8;15;htc-cmp010;Wed Apr 12 11:20:49 2023
MultiPrim;4DIM;SANTOS;GrafosGrid;Conjunto7;24.gridcorr2.tree;24;38;15;7;0.000044;0.000456;0.000000;96;922;820;0;101;421;htc-cmp010;Wed Apr 12 11:20:49 2023
MultiPrim;4DIM;SANTOS;GrafosGrid;Conjunto7;6.gridcorr2.tree;6;7;1;0;0.000011;0.000011;0.000000;9;22;13;0;8;15;htc-cmp010;Wed Apr 12 11:20:50 2023
MultiPrim;4DIM;SANTOS;GrafosGrid;Conjunto7;12.gridcorr3.tree;12;16;10;4;0.000014;0.000002;0.000000;2;3;1;0;2;2;htc-cmp010;Wed Apr 12 11:20:50 2023
MultiPrim;4DIM;SANTOS;GrafosGrid;Conjunto7;38.gridcorr2.tree;38;55;19;4;0.000062;0.005795;0.006000;518;6144;5950;0;169;688;htc-cmp010;Wed Apr 12 11:20:50 2023
MultiPrim;4DIM;SANTOS;GrafosGrid;Conjunto8;27.gridcorr1.tree;27;42;4;1;0.000055;12.124186;12.156000;3033;2097577;2027140;0;68354;574111;htc-cmp010;Wed Apr 12 11:20:50 2023
MultiPrim;4DIM;SANTOS;GrafosGrid;Conjunto7;12.gridcorr2.tree;12;16;4;0;0.000020;0.000041;0.000000;36;128;112;0;16;39;htc-cmp010;Wed Apr 12 11:20:50 2023
MultiPrim;4DIM;SANTOS;GrafosGrid;Conjunto9;40.gridcorr3.tree;40;66;36;25;0.000075;0.000005;0.000000;6;12;7;0;5;8;htc-cmp010;Wed Apr 12 11:20:51 2023
MultiPrim;4DIM;SANTOS;GrafosGrid;Conjunto9;18.gridcorr1.tree;18;25;3;0;0.000029;0.004878;0.004000;415;6714;6438;0;252;1181;htc-cmp010;Wed Apr 12 11:20:51 2023
MultiPrim;4DIM;SANTOS;GrafosGrid;Conjunto9;18.gridcorr3.tree;18;25;15;6;0.000021;0.000002;0.000000;3;6;3;0;3;4;htc-cmp010;Wed Apr 12 11:20:51 2023
MultiPrim;4DIM;SANTOS;GrafosGrid;Conjunto9;36.gridcorr3.tree;36;57;31;19;0.000057;0.000008;0.000000;7;21;14;0;7;13;htc-cmp010;Wed Apr 12 11:20:51 2023
MultiPrim;4DIM;SANTOS;GrafosGrid;Conjunto9;40.gridcorr2.tree;40;66;21;8;0.000090;0.131474;0.131000;930;78242;77438;0;796;4295;htc-cmp010;Wed Apr 12 11:20:52 2023
MultiPrim;4DIM;SANTOS;GrafosGrid;Conjunto9;27.gridcorr3.tree;27;42;25;15;0.000038;0.000001;0.000000;2;3;1;0;2;2;htc-cmp010;Wed Apr 12 11:20:52 2023
MultiPrim;4DIM;SANTOS;GrafosGrid;Conjunto9;20.gridcorr3.tree;20;28;19;9;0.000022;0.000000;0.000000;1;0;0;0;0;0;htc-cmp010;Wed Apr 12 11:20:52 2023
MultiPrim;4DIM;SANTOS;GrafosGrid;Conjunto9;24.gridcorr1.tree;24;38;6;1;0.000047;0.392970;0.394000;1035;148077;140805;0;6400;44894;htc-cmp010;Wed Apr 12 11:20:53 2023
MultiPrim;4DIM;SANTOS;GrafosGrid;Conjunto9;12.gridcorr1.tree;12;16;2;0;0.000021;0.000346;0.000000;81;672;569;0;103;512;htc-cmp010;Wed Apr 12 11:20:53 2023
MultiPrim;4DIM;SANTOS;GrafosGrid;Conjunto9;18.gridcorr2.tree;18;25;7;0;0.000028;0.000392;0.000000;95;847;784;0;60;201;htc-cmp010;Wed Apr 12 11:20:53 2023
MultiPrim;4DIM;SANTOS;GrafosGrid;Conjunto9;6.gridcorr3.tree;6;7;4;1;0.000010;0.000001;0.000000;2;3;1;0;2;2;htc-cmp010;Wed Apr 12 11:20:54 2023
MultiPrim;4DIM;SANTOS;GrafosGrid;Conjunto9;33.gridcorr2.tree;33;52;15;6;0.000062;0.001068;0.001000;108;2436;2359;0;77;235;htc-cmp010;Wed Apr 12 11:20:54 2023
MultiPrim;4DIM;SANTOS;GrafosGrid;Conjunto9;36.gridcorr2.tree;36;57;18;5;0.000071;0.053453;0.053000;353;40846;39872;0;948;5840;htc-cmp010;Wed Apr 12 11:20:54 2023
MultiPrim;4DIM;SANTOS;GrafosGrid;Conjunto9;6.gridcorr1.tree;6;7;2;0;0.000012;0.000006;0.000000;4;12;6;0;6;12;htc-cmp010;Wed Apr 12 11:20:54 2023
MultiPrim;4DIM;SANTOS;GrafosGrid;Conjunto9;24.gridcorr3.tree;24;38;19;11;0.000036;0.000009;0.000000;9;23;16;0;7;12;htc-cmp010;Wed Apr 12 11:20:55 2023
MultiPrim;4DIM;SANTOS;GrafosGrid;Conjunto9;27.gridcorr2.tree;27;42;11;6;0.000056;0.002509;0.002000;143;4197;3693;0;451;1788;htc-cmp010;Wed Apr 12 11:20:55 2023
MultiPrim;4DIM;SANTOS;GrafosGrid;Conjunto9;38.gridcorr3.tree;38;55;34;15;0.000044;0.000004;0.000000;4;10;6;0;4;6;htc-cmp010;Wed Apr 12 11:20:55 2023
MultiPrim;4DIM;SANTOS;GrafosGrid;Conjunto9;20.gridcorr2.tree;20;28;13;4;0.000028;0.000029;0.000000;15;90;75;0;14;31;htc-cmp010;Wed Apr 12 11:20:55 2023
MultiPrim;4DIM;SANTOS;GrafosGrid;Conjunto9;20.gridcorr1.tree;20;28;6;2;0.000033;0.000913;0.000000;91;1703;1460;0;214;904;htc-cmp010;Wed Apr 12 11:20:56 2023
MultiPrim;4DIM;SANTOS;GrafosGrid;Conjunto9;33.gridcorr3.tree;33;52;31;19;0.000048;0.000001;0.000000;2;3;1;0;2;2;htc-cmp010;Wed Apr 12 11:20:56 2023
MultiPrim;4DIM;SANTOS;GrafosGrid;Conjunto9;30.gridcorr2.tree;30;47;8;2;0.000063;0.279856;0.286000;625;122793;116147;0;5568;31553;htc-cmp010;Wed Apr 12 11:20:56 2023
MultiPrim;4DIM;SANTOS;GrafosGrid;Conjunto9;30.gridcorr3.tree;30;47;26;15;0.000054;0.000005;0.000000;8;15;11;0;4;6;htc-cmp010;Wed Apr 12 11:20:58 2023
MultiPrim;4DIM;SANTOS;GrafosGrid;Conjunto9;24.gridcorr2.tree;24;38;7;4;0.000048;0.020317;0.021000;196;21390;18084;0;3159;18220;htc-cmp010;Wed Apr 12 11:20:58 2023
MultiPrim;4DIM;SANTOS;GrafosGrid;Conjunto9;6.gridcorr2.tree;6;7;1;0;0.000012;0.000013;0.000000;9;26;16;0;10;21;htc-cmp010;Wed Apr 12 11:20:59 2023
MultiPrim;4DIM;SANTOS;GrafosGrid;Conjunto9;12.gridcorr3.tree;12;16;11;5;0.000014;0.000000;0.000000;1;0;0;0;0;0;htc-cmp010;Wed Apr 12 11:20:59 2023
MultiPrim;4DIM;SANTOS;GrafosGrid;Conjunto9;38.gridcorr2.tree;38;55;18;6;0.000064;0.014826;0.016000;513;19159;18892;0;244;893;htc-cmp010;Wed Apr 12 11:20:59 2023
MultiPrim;4DIM;SANTOS;GrafosGrid;Conjunto9;27.gridcorr1.tree;27;42;6;2;0.000056;6.819219;6.825000;2356;835387;820827;0;13602;127825;htc-cmp010;Wed Apr 12 11:20:59 2023
MultiPrim;4DIM;SANTOS;GrafosGrid;Conjunto9;12.gridcorr2.tree;12;16;4;0;0.000024;0.000058;0.000000;40;152;124;0;28;82;htc-cmp010;Wed Apr 12 11:20:59 2023
MultiPrim;4DIM;SANTOS;GrafosGrid;Conjunto6;40.gridcorr3.tree;40;66;35;22;0.000070;0.000016;0.000000;21;46;38;0;8;17;htc-cmp010;Wed Apr 12 11:21:00 2023
MultiPrim;4DIM;SANTOS;GrafosGrid;Conjunto6;18.gridcorr1.tree;18;25;4;0;0.000033;0.002518;0.002000;206;4205;3731;0;384;1730;htc-cmp010;Wed Apr 12 11:21:00 2023
MultiPrim;4DIM;SANTOS;GrafosGrid;Conjunto6;18.gridcorr3.tree;18;25;14;6;0.000024;0.000005;0.000000;6;12;7;0;5;8;htc-cmp010;Wed Apr 12 11:21:00 2023
MultiPrim;4DIM;SANTOS;GrafosGrid;Conjunto6;36.gridcorr3.tree;36;57;32;19;0.000053;0.000004;0.000000;5;11;7;0;4;6;htc-cmp010;Wed Apr 12 11:21:00 2023
MultiPrim;4DIM;SANTOS;GrafosGrid;Conjunto7;38.gridcorr1.tree;38;55;12;2;0.000072;9.643832;9.740000;3149;1332052;1303858;0;25481;210684;htc-cmp010;Wed Apr 12 11:21:00 2023
MultiPrim;4DIM;SANTOS;GrafosGrid;Conjunto7;27.gridcorr1.tree;27;42;5;1;0.000054;15.220947;15.232000;6083;1300362;1278892;0;21242;183400;htc-cmp010;Wed Apr 12 11:21:00 2023
MultiPrim;4DIM;SANTOS;GrafosGrid;Conjunto6;40.gridcorr2.tree;40;66;19;9;0.000085;0.135343;0.138000;620;119731;112144;0;3735;13591;htc-cmp010;Wed Apr 12 11:21:01 2023
MultiPrim;4DIM;SANTOS;GrafosGrid;Conjunto6;27.gridcorr3.tree;27;42;21;12;0.000041;0.000010;0.000000;7;25;17;0;8;15;htc-cmp010;Wed Apr 12 11:21:01 2023
MultiPrim;4DIM;SANTOS;GrafosGrid;Conjunto6;20.gridcorr3.tree;20;28;19;9;0.000023;0.000000;0.000000;1;0;0;0;0;0;htc-cmp010;Wed Apr 12 11:21:01 2023
MultiPrim;4DIM;SANTOS;GrafosGrid;Conjunto6;24.gridcorr1.tree;24;38;5;2;0.000050;0.525299;0.527000;1419;246619;242343;0;4240;29701;htc-cmp010;Wed Apr 12 11:21:02 2023
MultiPrim;4DIM;SANTOS;GrafosGrid;Conjunto6;12.gridcorr1.tree;12;16;2;0;0.000021;0.000403;0.000000;111;747;640;0;103;441;htc-cmp010;Wed Apr 12 11:21:02 2023
MultiPrim;4DIM;SANTOS;GrafosGrid;Conjunto6;18.gridcorr2.tree;18;25;8;0;0.000029;0.000233;0.000000;58;524;463;0;61;222;htc-cmp010;Wed Apr 12 11:21:02 2023
MultiPrim;4DIM;SANTOS;GrafosGrid;Conjunto6;6.gridcorr3.tree;6;7;5;2;0.000008;0.000000;0.000000;1;0;0;0;0;0;htc-cmp010;Wed Apr 12 11:21:02 2023
MultiPrim;4DIM;SANTOS;GrafosGrid;Conjunto6;33.gridcorr2.tree;33;52;13;4;0.000069;0.505743;0.507000;1763;199372;195502;0;3439;15510;htc-cmp010;Wed Apr 12 11:21:03 2023
MultiPrim;4DIM;SANTOS;GrafosGrid;Conjunto6;36.gridcorr2.tree;36;57;15;5;0.000077;0.057379;0.059000;286;48664;45627;0;2779;17102;htc-cmp010;Wed Apr 12 11:21:03 2023
MultiPrim;4DIM;SANTOS;GrafosGrid;Conjunto7;24.gridcorr1.tree;24;38;2;0;0.000053;20.941362;20.953000;5435;2244549;2218501;0;23924;179581;htc-cmp010;Wed Apr 12 11:21:06 2023
MultiPrim;4DIM;SANTOS;GrafosGrid;Conjunto6;6.gridcorr1.tree;6;7;0;0;0.000012;0.000018;0.000000;7;37;16;0;19;45;htc-cmp010;Wed Apr 12 11:21:07 2023
MultiPrim;4DIM;SANTOS;GrafosGrid;Conjunto6;24.gridcorr3.tree;24;38;20;12;0.000036;0.000004;0.000000;5;11;7;0;4;6;htc-cmp010;Wed Apr 12 11:21:07 2023
MultiPrim;4DIM;SANTOS;GrafosGrid;Conjunto6;27.gridcorr2.tree;27;42;11;5;0.000049;0.002545;0.002000;111;5176;4213;0;485;1343;htc-cmp010;Wed Apr 12 11:21:08 2023
MultiPrim;4DIM;SANTOS;GrafosGrid;Conjunto6;38.gridcorr3.tree;38;55;33;13;0.000046;0.000008;0.000000;13;25;20;0;5;9;htc-cmp010;Wed Apr 12 11:21:08 2023
MultiPrim;4DIM;SANTOS;GrafosGrid;Conjunto6;20.gridcorr2.tree;20;28;8;2;0.000031;0.000373;0.000000;92;1065;989;0;66;151;htc-cmp010;Wed Apr 12 11:21:09 2023
MultiPrim;4DIM;SANTOS;GrafosGrid;Conjunto6;20.gridcorr1.tree;20;28;6;0;0.000030;0.011550;0.011000;755;14325;13764;0;485;2297;htc-cmp010;Wed Apr 12 11:21:09 2023
MultiPrim;4DIM;SANTOS;GrafosGrid;Conjunto6;33.gridcorr3.tree;33;52;28;17;0.000050;0.000009;0.000000;12;27;20;0;7;12;htc-cmp010;Wed Apr 12 11:21:09 2023
MultiPrim;4DIM;SANTOS;GrafosGrid;Conjunto6;30.gridcorr2.tree;30;47;17;7;0.000054;0.000853;0.000000;126;1487;1373;0;98;399;htc-cmp010;Wed Apr 12 11:21:09 2023
MultiPrim;4DIM;SANTOS;GrafosGrid;Conjunto6;30.gridcorr3.tree;30;47;26;14;0.000040;0.000005;0.000000;6;14;10;0;4;7;htc-cmp010;Wed Apr 12 11:21:09 2023
MultiPrim;4DIM;SANTOS;GrafosGrid;Conjunto6;24.gridcorr2.tree;24;38;11;3;0.000046;0.002134;0.002000;206;3969;3750;0;185;576;htc-cmp010;Wed Apr 12 11:21:10 2023
MultiPrim;4DIM;SANTOS;GrafosGrid;Conjunto6;6.gridcorr2.tree;6;7;0;0;0.000011;0.000011;0.000000;11;29;19;0;10;18;htc-cmp010;Wed Apr 12 11:21:10 2023
MultiPrim;4DIM;SANTOS;GrafosGrid;Conjunto6;12.gridcorr3.tree;12;16;11;5;0.000012;0.000000;0.000000;1;0;0;0;0;0;htc-cmp010;Wed Apr 12 11:21:10 2023
MultiPrim;4DIM;SANTOS;GrafosGrid;Conjunto6;38.gridcorr2.tree;38;55;22;5;0.000059;0.001652;0.001000;224;3337;3264;0;73;254;htc-cmp010;Wed Apr 12 11:21:10 2023
MultiPrim;4DIM;SANTOS;GrafosGrid;Conjunto8;30.gridcorr1.tree;30;47;4;1;0.000065;32.619540;32.732000;1866;3208321;3141517;0;63980;500626;htc-cmp010;Wed Apr 12 11:21:11 2023
MultiPrim;4DIM;SANTOS;GrafosGrid;Conjunto6;12.gridcorr2.tree;12;16;6;1;0.000017;0.000016;0.000000;17;46;36;0;10;22;htc-cmp010;Wed Apr 12 11:21:12 2023
MultiPrim;4DIM;SANTOS;GrafosGrid;Conjunto5;40.gridcorr3.tree;40;66;38;26;0.000076;0.000001;0.000000;2;3;1;0;2;2;htc-cmp010;Wed Apr 12 11:21:13 2023
MultiPrim;4DIM;SANTOS;GrafosGrid;Conjunto5;18.gridcorr1.tree;18;25;8;1;0.000027;0.000759;0.000000;154;1318;1158;0;120;590;htc-cmp010;Wed Apr 12 11:21:13 2023
MultiPrim;4DIM;SANTOS;GrafosGrid;Conjunto5;18.gridcorr3.tree;18;25;16;7;0.000022;0.000001;0.000000;2;3;1;0;2;2;htc-cmp010;Wed Apr 12 11:21:13 2023
MultiPrim;4DIM;SANTOS;GrafosGrid;Conjunto5;36.gridcorr3.tree;36;57;32;18;0.000062;0.000007;0.000000;7;16;10;0;6;13;htc-cmp010;Wed Apr 12 11:21:13 2023
MultiPrim;4DIM;SANTOS;GrafosGrid;Conjunto5;40.gridcorr2.tree;40;66;20;8;0.000092;0.750060;0.755000;752;302107;285534;0;16218;77096;htc-cmp010;Wed Apr 12 11:21:14 2023
MultiPrim;4DIM;SANTOS;GrafosGrid;Conjunto5;27.gridcorr3.tree;27;42;21;10;0.000038;0.000026;0.000000;21;70;58;0;12;27;htc-cmp010;Wed Apr 12 11:21:14 2023
MultiPrim;4DIM;SANTOS;GrafosGrid;Conjunto5;27.gridcorr1.tree;27;42;6;1;0.000056;2.340480;2.345000;1956;485545;476743;0;7860;64446;htc-cmp010;Wed Apr 12 11:21:17 2023
MultiPrim;4DIM;SANTOS;GrafosGrid;Conjunto5;20.gridcorr3.tree;20;28;19;9;0.000022;0.000000;0.000000;1;0;0;0;0;0;htc-cmp010;Wed Apr 12 11:21:17 2023
MultiPrim;4DIM;SANTOS;GrafosGrid;Conjunto6;33.gridcorr1.tree;33;52;7;3;0.000081;18.434624;18.542000;2853;2638739;2572199;0;61544;500158;htc-cmp010;Wed Apr 12 11:21:20 2023
MultiPrim;4DIM;SANTOS;GrafosGrid;Conjunto5;24.gridcorr1.tree;24;38;2;1;0.000050;5.034325;5.052000;1450;933365;885350;0;43836;318381;htc-cmp010;Wed Apr 12 11:21:23 2023
MultiPrim;4DIM;SANTOS;GrafosGrid;Conjunto5;12.gridcorr1.tree;12;16;2;0;0.000020;0.000275;0.000000;74;629;547;0;76;281;htc-cmp010;Wed Apr 12 11:21:23 2023
MultiPrim;4DIM;SANTOS;GrafosGrid;Conjunto5;18.gridcorr2.tree;18;25;11;3;0.000026;0.000020;0.000000;20;61;50;0;11;23;htc-cmp010;Wed Apr 12 11:21:23 2023
MultiPrim;4DIM;SANTOS;GrafosGrid;Conjunto5;6.gridcorr3.tree;6;7;5;2;0.000008;0.000000;0.000000;1;0;0;0;0;0;htc-cmp010;Wed Apr 12 11:21:24 2023
MultiPrim;4DIM;SANTOS;GrafosGrid;Conjunto5;33.gridcorr2.tree;33;52;11;7;0.000079;0.917916;0.926000;460;279602;268571;0;9771;59727;htc-cmp010;Wed Apr 12 11:21:25 2023
MultiPrim;4DIM;SANTOS;GrafosGrid;Conjunto5;36.gridcorr2.tree;36;57;19;8;0.000073;0.003583;0.003000;168;5809;5431;0;313;1158;htc-cmp010;Wed Apr 12 11:21:25 2023
MultiPrim;4DIM;SANTOS;GrafosGrid;Conjunto7;30.gridcorr1.tree;30;47;6;1;0.000065;38.905998;38.952000;5495;4799763;4719127;0;71536;524395;htc-cmp010;Wed Apr 12 11:21:25 2023
MultiPrim;4DIM;SANTOS;GrafosGrid;Conjunto5;6.gridcorr1.tree;6;7;3;1;0.000009;0.000003;0.000000;3;6;2;0;4;6;htc-cmp010;Wed Apr 12 11:21:25 2023
MultiPrim;4DIM;SANTOS;GrafosGrid;Conjunto5;24.gridcorr3.tree;24;38;21;14;0.000035;0.000003;0.000000;3;6;2;0;4;6;htc-cmp010;Wed Apr 12 11:21:26 2023
MultiPrim;4DIM;SANTOS;GrafosGrid;Conjunto5;27.gridcorr2.tree;27;42;7;3;0.000057;0.021902;0.023000;373;24870;23358;0;1460;6147;htc-cmp010;Wed Apr 12 11:21:35 2023
MultiPrim;4DIM;SANTOS;GrafosGrid;Conjunto5;38.gridcorr3.tree;38;55;32;12;0.000051;0.000021;0.000000;34;73;65;0;8;16;htc-cmp010;Wed Apr 12 11:21:35 2023
MultiPrim;4DIM;SANTOS;GrafosGrid;Conjunto5;20.gridcorr2.tree;20;28;7;0;0.000031;0.003389;0.003000;336;5462;5044;0;418;2034;htc-cmp010;Wed Apr 12 11:21:36 2023
MultiPrim;4DIM;SANTOS;GrafosGrid;Conjunto5;20.gridcorr1.tree;20;28;4;0;0.000035;0.007686;0.007000;444;9393;8792;0;447;2187;htc-cmp010;Wed Apr 12 11:21:36 2023
MultiPrim;4DIM;SANTOS;GrafosGrid;Conjunto5;33.gridcorr3.tree;33;52;28;16;0.000050;0.000006;0.000000;7;20;15;0;5;8;htc-cmp010;Wed Apr 12 11:21:36 2023
MultiPrim;4DIM;SANTOS;GrafosGrid;Conjunto8;38.gridcorr1.tree;38;55;8;2;0.000071;48.708369;50.179000;5262;4047285;4002298;0;43944;374087;htc-cmp010;Wed Apr 12 11:21:35 2023
MultiPrim;4DIM;SANTOS;GrafosGrid;Conjunto5;30.gridcorr2.tree;30;47;10;3;0.000061;0.025901;0.027000;378;28624;27227;0;1347;6525;htc-cmp010;Wed Apr 12 11:21:37 2023
MultiPrim;4DIM;SANTOS;GrafosGrid;Conjunto5;30.gridcorr3.tree;30;47;26;14;0.000049;0.000008;0.000000;8;21;16;0;5;10;htc-cmp010;Wed Apr 12 11:21:37 2023
MultiPrim;4DIM;SANTOS;GrafosGrid;Conjunto5;24.gridcorr2.tree;24;38;11;6;0.000043;0.000449;0.000000;59;940;763;0;135;427;htc-cmp010;Wed Apr 12 11:21:37 2023
MultiPrim;4DIM;SANTOS;GrafosGrid;Conjunto5;6.gridcorr2.tree;6;7;3;1;0.000009;0.000003;0.000000;3;6;2;0;4;6;htc-cmp010;Wed Apr 12 11:21:37 2023
MultiPrim;4DIM;SANTOS;GrafosGrid;Conjunto5;12.gridcorr3.tree;12;16;10;4;0.000013;0.000001;0.000000;2;3;1;0;2;2;htc-cmp010;Wed Apr 12 11:21:37 2023
MultiPrim;4DIM;SANTOS;GrafosGrid;Conjunto5;38.gridcorr2.tree;38;55;22;3;0.000064;0.001352;0.001000;191;2405;2228;0;142;498;htc-cmp010;Wed Apr 12 11:21:38 2023
MultiPrim;4DIM;SANTOS;GrafosGrid;Conjunto5;12.gridcorr2.tree;12;16;8;0;0.000016;0.000012;0.000000;10;29;21;0;8;24;htc-cmp010;Wed Apr 12 11:21:38 2023
MultiPrim;4DIM;SANTOS;GrafosGrid;Conjunto4;40.gridcorr3.tree;40;66;35;22;0.000077;0.000011;0.000000;15;36;29;0;7;14;htc-cmp010;Wed Apr 12 11:21:38 2023
MultiPrim;4DIM;SANTOS;GrafosGrid;Conjunto4;18.gridcorr1.tree;18;25;3;0;0.000033;0.007001;0.007000;566;8582;7948;0;631;3374;htc-cmp010;Wed Apr 12 11:21:38 2023
MultiPrim;4DIM;SANTOS;GrafosGrid;Conjunto4;18.gridcorr3.tree;18;25;15;7;0.000021;0.000003;0.000000;3;6;2;0;4;6;htc-cmp010;Wed Apr 12 11:21:39 2023
MultiPrim;4DIM;SANTOS;GrafosGrid;Conjunto4;36.gridcorr3.tree;36;57;31;19;0.000063;0.000007;0.000000;9;21;15;0;6;10;htc-cmp010;Wed Apr 12 11:21:39 2023
MultiPrim;4DIM;SANTOS;GrafosGrid;Conjunto4;40.gridcorr2.tree;40;66;19;6;0.000093;0.585034;0.589000;1559;217989;210233;0;4601;19817;htc-cmp010;Wed Apr 12 11:21:40 2023
MultiPrim;4DIM;SANTOS;GrafosGrid;Conjunto4;27.gridcorr3.tree;27;42;21;11;0.000044;0.000020;0.000000;17;47;36;0;11;28;htc-cmp010;Wed Apr 12 11:21:40 2023
MultiPrim;4DIM;SANTOS;GrafosGrid;Conjunto9;30.gridcorr1.tree;30;47;5;1;0.000070;52.440429;52.532000;3392;6017218;5868828;0;139683;1165778;htc-cmp010;Wed Apr 12 11:21:45 2023
MultiPrim;4DIM;SANTOS;GrafosGrid;Conjunto4;20.gridcorr3.tree;20;28;19;9;0.000023;0.000000;0.000000;1;0;0;0;0;0;htc-cmp010;Wed Apr 12 11:21:47 2023
MultiPrim;4DIM;SANTOS;GrafosGrid;Conjunto4;24.gridcorr1.tree;24;38;3;3;0.000048;0.420581;0.425000;774;218045;201954;0;13157;83019;htc-cmp010;Wed Apr 12 11:21:48 2023
MultiPrim;4DIM;SANTOS;GrafosGrid;Conjunto4;12.gridcorr1.tree;12;16;1;0;0.000021;0.000343;0.000000;71;667;534;0;122;454;htc-cmp010;Wed Apr 12 11:21:52 2023
MultiPrim;4DIM;SANTOS;GrafosGrid;Conjunto4;18.gridcorr2.tree;18;25;9;2;0.000027;0.000069;0.000000;28;184;157;0;27;74;htc-cmp010;Wed Apr 12 11:21:52 2023
MultiPrim;4DIM;SANTOS;GrafosGrid;Conjunto4;6.gridcorr3.tree;6;7;5;2;0.000007;0.000000;0.000000;1;0;0;0;0;0;htc-cmp010;Wed Apr 12 11:21:52 2023
MultiPrim;4DIM;SANTOS;GrafosGrid;Conjunto4;33.gridcorr2.tree;33;52;19;9;0.000063;0.001985;0.002000;97;3798;3403;0;363;1442;htc-cmp010;Wed Apr 12 11:21:52 2023
MultiPrim;4DIM;SANTOS;GrafosGrid;Conjunto4;36.gridcorr2.tree;36;57;16;6;0.000072;0.043432;0.044000;315;38635;35043;0;2374;11566;htc-cmp010;Wed Apr 12 11:21:53 2023
MultiPrim;4DIM;SANTOS;GrafosGrid;Conjunto5;38.gridcorr1.tree;38;55;7;1;0.000075;12.614465;15.514000;3298;2093834;2074167;0;19015;147459;htc-cmp010;Wed Apr 12 11:21:56 2023
MultiPrim;4DIM;SANTOS;GrafosGrid;Conjunto4;6.gridcorr1.tree;6;7;3;0;0.000009;0.000002;0.000000;3;6;2;0;3;4;htc-cmp010;Wed Apr 12 11:21:58 2023
MultiPrim;4DIM;SANTOS;GrafosGrid;Conjunto4;24.gridcorr3.tree;24;38;21;13;0.000039;0.000002;0.000000;3;6;3;0;3;4;htc-cmp010;Wed Apr 12 11:21:58 2023
MultiPrim;4DIM;SANTOS;GrafosGrid;Conjunto4;33.gridcorr1.tree;33;52;7;2;0.000074;6.671010;6.767000;2269;1262455;1238654;0;21746;139813;htc-cmp010;Wed Apr 12 11:21:58 2023
MultiPrim;4DIM;SANTOS;GrafosGrid;Conjunto4;27.gridcorr2.tree;27;42;14;7;0.000049;0.005934;0.005000;403;7229;6872;0;357;1707;htc-cmp010;Wed Apr 12 11:21:59 2023
MultiPrim;4DIM;SANTOS;GrafosGrid;Conjunto4;38.gridcorr3.tree;38;55;34;13;0.000047;0.000007;0.000000;12;21;17;0;4;8;htc-cmp010;Wed Apr 12 11:21:59 2023
MultiPrim;4DIM;SANTOS;GrafosGrid;Conjunto4;20.gridcorr2.tree;20;28;9;2;0.000029;0.000745;0.000000;65;1552;1346;0;134;388;htc-cmp010;Wed Apr 12 11:21:59 2023
MultiPrim;4DIM;SANTOS;GrafosGrid;Conjunto4;20.gridcorr1.tree;20;28;7;0;0.000032;0.001259;0.001000;120;2344;2074;0;180;796;htc-cmp010;Wed Apr 12 11:21:59 2023
MultiPrim;4DIM;SANTOS;GrafosGrid;Conjunto4;33.gridcorr3.tree;33;52;31;19;0.000057;0.000001;0.000000;2;3;1;0;2;2;htc-cmp010;Wed Apr 12 11:22:00 2023
MultiPrim;4DIM;SANTOS;GrafosGrid;Conjunto4;30.gridcorr2.tree;30;47;9;5;0.000063;0.066851;0.070000;354;61043;56273;0;4528;22613;htc-cmp010;Wed Apr 12 11:22:00 2023
MultiPrim;4DIM;SANTOS;GrafosGrid;Conjunto4;30.gridcorr3.tree;30;47;26;15;0.000048;0.000004;0.000000;4;10;6;0;4;6;htc-cmp010;Wed Apr 12 11:22:00 2023
MultiPrim;4DIM;SANTOS;GrafosGrid;Conjunto4;24.gridcorr2.tree;24;38;10;4;0.000048;0.003679;0.003000;235;5096;4817;0;262;1355;htc-cmp010;Wed Apr 12 11:22:00 2023
MultiPrim;4DIM;SANTOS;GrafosGrid;Conjunto4;6.gridcorr2.tree;6;7;5;2;0.000008;0.000000;0.000000;1;0;0;0;0;0;htc-cmp010;Wed Apr 12 11:22:00 2023
MultiPrim;4DIM;SANTOS;GrafosGrid;Conjunto4;12.gridcorr3.tree;12;16;10;4;0.000015;0.000001;0.000000;2;3;1;0;2;2;htc-cmp010;Wed Apr 12 11:22:01 2023
MultiPrim;4DIM;SANTOS;GrafosGrid;Conjunto6;30.gridcorr1.tree;30;47;2;1;0.000069;56.840245;57.247000;3357;5400250;5237735;0;150342;1178265;htc-cmp010;Wed Apr 12 11:21:59 2023
MultiPrim;4DIM;SANTOS;GrafosGrid;Conjunto4;38.gridcorr2.tree;38;55;19;5;0.000066;0.008505;0.009000;219;11645;10186;0;1330;7161;htc-cmp010;Wed Apr 12 11:22:01 2023
MultiPrim;4DIM;SANTOS;GrafosGrid;Conjunto4;12.gridcorr2.tree;12;16;8;2;0.000016;0.000005;0.000000;6;13;8;0;5;8;htc-cmp010;Wed Apr 12 11:22:03 2023
MultiPrim;4DIM;SANTOS;GrafosGrid;Conjunto1;40.gridcorr3.tree;40;66;37;25;0.000081;0.000004;0.000000;4;9;5;0;4;8;htc-cmp010;Wed Apr 12 11:22:03 2023
MultiPrim;4DIM;SANTOS;GrafosGrid;Conjunto1;18.gridcorr1.tree;18;25;4;0;0.000030;0.000564;0.000000;92;1371;1246;0;113;353;htc-cmp010;Wed Apr 12 11:22:04 2023
MultiPrim;4DIM;SANTOS;GrafosGrid;Conjunto1;18.gridcorr3.tree;18;25;15;6;0.000024;0.000003;0.000000;3;6;3;0;3;4;htc-cmp010;Wed Apr 12 11:22:04 2023
MultiPrim;4DIM;SANTOS;GrafosGrid;Conjunto1;36.gridcorr3.tree;36;57;31;18;0.000057;0.000006;0.000000;9;20;15;0;5;8;htc-cmp010;Wed Apr 12 11:22:05 2023
MultiPrim;4DIM;SANTOS;GrafosGrid;Conjunto1;40.gridcorr2.tree;40;66;13;9;0.000100;3.240387;3.418000;1954;788822;775591;0;12849;76440;htc-cmp010;Wed Apr 12 11:22:08 2023
MultiPrim;4DIM;SANTOS;GrafosGrid;Conjunto1;27.gridcorr3.tree;27;42;24;14;0.000041;0.000003;0.000000;3;6;3;0;3;4;htc-cmp010;Wed Apr 12 11:22:09 2023
MultiPrim;4DIM;SANTOS;GrafosGrid;Conjunto1;27.gridcorr1.tree;27;42;4;1;0.000058;1.738962;1.754000;1758;515122;496097;0;17504;120279;htc-cmp010;Wed Apr 12 11:22:11 2023
MultiPrim;4DIM;SANTOS;GrafosGrid;Conjunto1;20.gridcorr3.tree;20;28;17;7;0.000023;0.000003;0.000000;3;7;3;0;4;7;htc-cmp010;Wed Apr 12 11:22:11 2023
MultiPrim;4DIM;SANTOS;GrafosGrid;Conjunto1;24.gridcorr1.tree;24;38;9;2;0.000044;0.021240;0.021000;349;22107;21109;0;958;6534;htc-cmp010;Wed Apr 12 11:22:11 2023
MultiPrim;4DIM;SANTOS;GrafosGrid;Conjunto6;38.gridcorr1.tree;38;55;9;2;0.000074;79.853303;80.599000;5343;7621770;7523269;0;97147;813879;htc-cmp010;Wed Apr 12 11:22:32 2023
MultiPrim;4DIM;SANTOS;GrafosGrid;Conjunto1;12.gridcorr1.tree;12;16;1;0;0.000020;0.000709;0.000000;98;1134;963;0;167;872;htc-cmp010;Wed Apr 12 11:22:34 2023
MultiPrim;4DIM;SANTOS;GrafosGrid;Conjunto1;18.gridcorr2.tree;18;25;8;2;0.000026;0.000172;0.000000;60;385;320;0;64;229;htc-cmp010;Wed Apr 12 11:22:34 2023
MultiPrim;4DIM;SANTOS;GrafosGrid;Conjunto1;6.gridcorr3.tree;6;7;4;1;0.000008;0.000001;0.000000;2;3;1;0;2;2;htc-cmp010;Wed Apr 12 11:22:34 2023
MultiPrim;4DIM;SANTOS;GrafosGrid;Conjunto6;27.gridcorr1.tree;27;42;4;1;0.000056;93.064766;93.107000;9722;8083127;7968776;0;103164;901906;htc-cmp010;Wed Apr 12 11:22:34 2023
MultiPrim;4DIM;SANTOS;GrafosGrid;Conjunto1;33.gridcorr2.tree;33;52;18;8;0.000061;0.020696;0.020000;394;24315;23226;0;1056;5481;htc-cmp010;Wed Apr 12 11:22:36 2023
MultiPrim;4DIM;SANTOS;GrafosGrid;Conjunto1;36.gridcorr2.tree;36;57;19;7;0.000074;0.006262;0.006000;435;9014;8423;0;473;2052;htc-cmp010;Wed Apr 12 11:22:36 2023
MultiPrim;4DIM;SANTOS;GrafosGrid;Conjunto1;6.gridcorr1.tree;6;7;0;0;0.000011;0.000020;0.000000;12;42;21;0;19;46;htc-cmp010;Wed Apr 12 11:22:37 2023
MultiPrim;4DIM;SANTOS;GrafosGrid;Conjunto1;24.gridcorr3.tree;24;38;21;13;0.000040;0.000003;0.000000;4;7;4;0;3;4;htc-cmp010;Wed Apr 12 11:22:37 2023
MultiPrim;4DIM;SANTOS;GrafosGrid;Conjunto9;38.gridcorr1.tree;38;55;9;2;0.000073;103.223084;103.942000;6429;5115815;5082082;0;32404;260320;htc-cmp010;Wed Apr 12 11:22:44 2023
MultiPrim;4DIM;SANTOS;GrafosGrid;Conjunto1;27.gridcorr2.tree;27;42;7;4;0.000053;0.048687;0.050000;331;49785;45552;0;3774;13662;htc-cmp010;Wed Apr 12 11:22:45 2023
MultiPrim;4DIM;SANTOS;GrafosGrid;Conjunto1;38.gridcorr3.tree;38;55;35;16;0.000048;0.000003;0.000000;3;6;3;0;3;4;htc-cmp010;Wed Apr 12 11:22:46 2023
MultiPrim;4DIM;SANTOS;GrafosGrid;Conjunto1;20.gridcorr2.tree;20;28;12;1;0.000030;0.000092;0.000000;40;189;158;0;29;96;htc-cmp010;Wed Apr 12 11:22:46 2023
MultiPrim;4DIM;SANTOS;GrafosGrid;Conjunto1;20.gridcorr1.tree;20;28;6;0;0.000031;0.003527;0.003000;359;4873;4599;0;255;1362;htc-cmp010;Wed Apr 12 11:22:46 2023
MultiPrim;4DIM;SANTOS;GrafosGrid;Conjunto1;33.gridcorr3.tree;33;52;29;18;0.000055;0.000007;0.000000;4;11;5;0;6;10;htc-cmp010;Wed Apr 12 11:22:46 2023
MultiPrim;4DIM;SANTOS;GrafosGrid;Conjunto1;30.gridcorr2.tree;30;47;14;3;0.000059;0.003501;0.003000;156;5439;4967;0;456;2228;htc-cmp010;Wed Apr 12 11:22:46 2023
MultiPrim;4DIM;SANTOS;GrafosGrid;Conjunto1;30.gridcorr3.tree;30;47;24;13;0.000047;0.000014;0.000000;19;47;39;0;8;17;htc-cmp010;Wed Apr 12 11:22:47 2023
MultiPrim;4DIM;SANTOS;GrafosGrid;Conjunto1;24.gridcorr2.tree;24;38;12;5;0.000044;0.000598;0.000000;63;1284;1061;0;154;520;htc-cmp010;Wed Apr 12 11:22:47 2023
MultiPrim;4DIM;SANTOS;GrafosGrid;Conjunto1;6.gridcorr2.tree;6;7;4;0;0.000009;0.000002;0.000000;3;4;2;0;2;3;htc-cmp010;Wed Apr 12 11:22:47 2023
MultiPrim;4DIM;SANTOS;GrafosGrid;Conjunto1;12.gridcorr3.tree;12;16;9;3;0.000013;0.000002;0.000000;3;6;3;0;3;4;htc-cmp010;Wed Apr 12 11:22:47 2023
MultiPrim;4DIM;SANTOS;GrafosGrid;Conjunto1;38.gridcorr2.tree;38;55;20;3;0.000061;0.002987;0.003000;183;4886;4487;0;348;1524;htc-cmp010;Wed Apr 12 11:22:48 2023
MultiPrim;4DIM;SANTOS;GrafosGrid;Conjunto4;38.gridcorr1.tree;38;55;9;1;0.000071;43.848160;44.578000;3949;4690264;4643442;0;44383;377356;htc-cmp010;Wed Apr 12 11:22:46 2023
MultiPrim;4DIM;SANTOS;GrafosGrid;Conjunto1;12.gridcorr2.tree;12;16;6;2;0.000016;0.000011;0.000000;8;31;22;0;9;17;htc-cmp010;Wed Apr 12 11:22:48 2023
MultiPrim;4DIM;SANTOS;GrafosGrid;Conjunto3;40.gridcorr3.tree;40;66;36;24;0.000075;0.000006;0.000000;4;13;7;0;6;11;htc-cmp010;Wed Apr 12 11:22:48 2023
MultiPrim;4DIM;SANTOS;GrafosGrid;Conjunto3;18.gridcorr1.tree;18;25;3;1;0.000029;0.004185;0.004000;292;6628;6126;0;495;2874;htc-cmp010;Wed Apr 12 11:22:48 2023
MultiPrim;4DIM;SANTOS;GrafosGrid;Conjunto3;18.gridcorr3.tree;18;25;14;5;0.000021;0.000006;0.000000;10;18;13;0;5;10;htc-cmp010;Wed Apr 12 11:22:49 2023
MultiPrim;4DIM;SANTOS;GrafosGrid;Conjunto3;36.gridcorr3.tree;36;57;32;18;0.000054;0.000005;0.000000;6;14;10;0;4;7;htc-cmp010;Wed Apr 12 11:22:49 2023
MultiPrim;4DIM;SANTOS;GrafosGrid;Conjunto3;40.gridcorr2.tree;40;66;16;7;0.000095;7.291042;7.323000;1775;1379961;1344934;0;33909;201261;htc-cmp010;Wed Apr 12 11:22:56 2023
MultiPrim;4DIM;SANTOS;GrafosGrid;Conjunto3;27.gridcorr3.tree;27;42;25;15;0.000037;0.000002;0.000000;2;3;1;0;2;2;htc-cmp010;Wed Apr 12 11:22:57 2023
MultiPrim;4DIM;SANTOS;GrafosGrid;Conjunto7;40.gridcorr2.tree;40;66;14;3;0.000101;135.385342;135.536000;3255;11681583;11483117;0;195169;1315097;htc-cmp010;Wed Apr 12 11:23:00 2023
MultiPrim;4DIM;SANTOS;GrafosGrid;Conjunto3;20.gridcorr3.tree;20;28;18;8;0.000022;0.000001;0.000000;2;3;1;0;2;2;htc-cmp010;Wed Apr 12 11:23:04 2023
MultiPrim;4DIM;SANTOS;GrafosGrid;Conjunto7;33.gridcorr1.tree;33;52;5;1;0.000078;134.955152;135.396000;6361;13986223;13753813;0;224224;1806015;htc-cmp010;Wed Apr 12 11:23:02 2023
MultiPrim;4DIM;SANTOS;GrafosGrid;Conjunto3;24.gridcorr1.tree;24;38;4;1;0.000052;1.107819;1.112000;1947;380852;365533;0;13965;94383;htc-cmp010;Wed Apr 12 11:23:05 2023
MultiPrim;4DIM;SANTOS;GrafosGrid;Conjunto1;33.gridcorr1.tree;33;52;8;2;0.000072;41.942706;42.035000;3555;6757400;6606010;0;137321;1097045;htc-cmp010;Wed Apr 12 11:23:08 2023
MultiPrim;4DIM;SANTOS;GrafosGrid;Conjunto3;12.gridcorr1.tree;12;16;3;0;0.000020;0.000096;0.000000;35;223;180;0;43;151;htc-cmp010;Wed Apr 12 11:23:09 2023
MultiPrim;4DIM;SANTOS;GrafosGrid;Conjunto3;18.gridcorr2.tree;18;25;9;3;0.000026;0.000044;0.000000;32;136;117;0;19;44;htc-cmp010;Wed Apr 12 11:23:09 2023
MultiPrim;4DIM;SANTOS;GrafosGrid;Conjunto3;6.gridcorr3.tree;6;7;5;2;0.000008;0.000000;0.000000;1;0;0;0;0;0;htc-cmp010;Wed Apr 12 11:23:09 2023
MultiPrim;4DIM;SANTOS;GrafosGrid;Conjunto3;33.gridcorr2.tree;33;52;18;7;0.000058;0.001799;0.001000;180;3230;3092;0;127;478;htc-cmp010;Wed Apr 12 11:23:10 2023
MultiPrim;4DIM;SANTOS;GrafosGrid;Conjunto3;36.gridcorr2.tree;36;57;14;3;0.000077;5.273643;5.282000;1812;843301;834059;0;9198;61273;htc-cmp010;Wed Apr 12 11:23:15 2023
MultiPrim;4DIM;SANTOS;GrafosGrid;Conjunto3;27.gridcorr1.tree;27;42;4;0;0.000052;19.259245;19.289000;2919;2435521;2371195;0;60071;511413;htc-cmp010;Wed Apr 12 11:23:16 2023
MultiPrim;4DIM;SANTOS;GrafosGrid;Conjunto3;6.gridcorr1.tree;6;7;1;0;0.000010;0.000011;0.000000;8;22;11;0;11;24;htc-cmp010;Wed Apr 12 11:23:17 2023
MultiPrim;4DIM;SANTOS;GrafosGrid;Conjunto3;24.gridcorr3.tree;24;38;22;14;0.000034;0.000001;0.000000;2;3;1;0;2;2;htc-cmp010;Wed Apr 12 11:23:17 2023
MultiPrim;4DIM;SANTOS;GrafosGrid;Conjunto3;30.gridcorr1.tree;30;47;5;0;0.000066;27.125803;27.191000;3450;3399457;3325004;0;62251;482073;htc-cmp010;Wed Apr 12 11:23:32 2023
MultiPrim;4DIM;SANTOS;GrafosGrid;Conjunto3;27.gridcorr2.tree;27;42;11;2;0.000050;0.010692;0.010000;282;15590;14624;0;716;2611;htc-cmp010;Wed Apr 12 11:23:32 2023
MultiPrim;4DIM;SANTOS;GrafosGrid;Conjunto3;38.gridcorr3.tree;38;55;35;16;0.000044;0.000003;0.000000;3;6;3;0;3;4;htc-cmp010;Wed Apr 12 11:23:33 2023
MultiPrim;4DIM;SANTOS;GrafosGrid;Conjunto3;20.gridcorr2.tree;20;28;10;2;0.000030;0.000227;0.000000;56;415;331;0;72;266;htc-cmp010;Wed Apr 12 11:23:33 2023
MultiPrim;4DIM;SANTOS;GrafosGrid;Conjunto3;20.gridcorr1.tree;20;28;3;0;0.000035;0.005977;0.006000;215;7855;6640;0;963;4897;htc-cmp010;Wed Apr 12 11:23:33 2023
MultiPrim;4DIM;SANTOS;GrafosGrid;Conjunto3;33.gridcorr3.tree;33;52;24;13;0.000049;0.000036;0.000000;27;117;103;0;14;26;htc-cmp010;Wed Apr 12 11:23:33 2023
MultiPrim;4DIM;SANTOS;GrafosGrid;Conjunto3;30.gridcorr2.tree;30;47;13;9;0.000064;0.001808;0.001000;136;4024;3644;0;343;1118;htc-cmp010;Wed Apr 12 11:23:34 2023
MultiPrim;4DIM;SANTOS;GrafosGrid;Conjunto3;30.gridcorr3.tree;30;47;24;13;0.000048;0.000021;0.000000;30;69;62;0;7;14;htc-cmp010;Wed Apr 12 11:23:34 2023
MultiPrim;4DIM;SANTOS;GrafosGrid;Conjunto3;24.gridcorr2.tree;24;38;11;1;0.000047;0.002561;0.002000;152;3760;3377;0;287;1130;htc-cmp010;Wed Apr 12 11:23:34 2023
MultiPrim;4DIM;SANTOS;GrafosGrid;Conjunto3;6.gridcorr2.tree;6;7;3;1;0.000010;0.000003;0.000000;3;6;2;0;4;6;htc-cmp010;Wed Apr 12 11:23:34 2023
MultiPrim;4DIM;SANTOS;GrafosGrid;Conjunto3;12.gridcorr3.tree;12;16;9;4;0.000015;0.000003;0.000000;3;6;2;0;4;6;htc-cmp010;Wed Apr 12 11:23:35 2023
MultiPrim;4DIM;SANTOS;GrafosGrid;Conjunto3;38.gridcorr2.tree;38;55;17;6;0.000056;0.009781;0.012000;362;14892;13685;0;605;2037;htc-cmp010;Wed Apr 12 11:23:35 2023
MultiPrim;4DIM;SANTOS;GrafosGrid;Conjunto3;12.gridcorr2.tree;12;16;4;0;0.000026;0.000051;0.000000;23;123;93;0;28;90;htc-cmp010;Wed Apr 12 11:23:43 2023
MultiPrim;4DIM;SANTOS;GrafosGrid;Conjunto2;40.gridcorr3.tree;40;66;36;24;0.000076;0.000004;0.000000;4;10;6;0;4;6;htc-cmp010;Wed Apr 12 11:23:43 2023
MultiPrim;4DIM;SANTOS;GrafosGrid;Conjunto2;18.gridcorr1.tree;18;25;4;0;0.000028;0.003147;0.003000;293;4924;4548;0;368;1929;htc-cmp010;Wed Apr 12 11:23:43 2023
MultiPrim;4DIM;SANTOS;GrafosGrid;Conjunto2;18.gridcorr3.tree;18;25;16;7;0.000018;0.000001;0.000000;2;3;1;0;2;2;htc-cmp010;Wed Apr 12 11:23:44 2023
MultiPrim;4DIM;SANTOS;GrafosGrid;Conjunto2;36.gridcorr3.tree;36;57;32;18;0.000056;0.000006;0.000000;7;14;9;0;5;10;htc-cmp010;Wed Apr 12 11:23:44 2023
MultiPrim;4DIM;SANTOS;GrafosGrid;Conjunto4;27.gridcorr1.tree;27;42;5;0;0.000055;123.223206;123.247000;8422;7081208;7011191;0;67749;715518;htc-cmp010;Wed Apr 12 11:23:43 2023
MultiPrim;4DIM;SANTOS;GrafosGrid;Conjunto2;27.gridcorr3.tree;27;42;25;15;0.000039;0.000001;0.000000;2;3;1;0;2;2;htc-cmp010;Wed Apr 12 11:23:45 2023
MultiPrim;4DIM;SANTOS;GrafosGrid;Conjunto2;40.gridcorr2.tree;40;66;18;4;0.000094;0.878597;0.886000;915;395215;386266;0;8419;44254;htc-cmp010;Wed Apr 12 11:23:45 2023
MultiPrim;4DIM;SANTOS;GrafosGrid;Conjunto2;20.gridcorr3.tree;20;28;17;8;0.000022;0.000003;0.000000;3;6;2;0;4;6;htc-cmp010;Wed Apr 12 11:23:45 2023
MultiPrim;4DIM;SANTOS;GrafosGrid;Conjunto2;24.gridcorr1.tree;24;38;1;1;0.000054;12.870605;12.904000;2333;2273420;2190113;0;75013;624319;htc-cmp010;Wed Apr 12 11:23:58 2023
MultiPrim;4DIM;SANTOS;GrafosGrid;Conjunto2;27.gridcorr1.tree;27;42;1;0;0.000056;70.561735;70.680000;5755;5519672;5419031;0;94095;776440;htc-cmp010;Wed Apr 12 11:24:56 2023
MultiPrim;4DIM;SANTOS;GrafosGrid;Conjunto1;38.gridcorr1.tree;38;55;7;1;0.000070;127.675927;130.542000;9958;10174285;10093462;0;78471;608066;htc-cmp010;Wed Apr 12 11:25:01 2023
MultiPrim;4DIM;SANTOS;GrafosGrid;Conjunto2;12.gridcorr1.tree;12;16;1;0;0.000019;0.000571;0.000000;98;849;688;0;155;676;htc-cmp010;Wed Apr 12 11:25:04 2023
MultiPrim;4DIM;SANTOS;GrafosGrid;Conjunto2;18.gridcorr2.tree;18;25;9;2;0.000026;0.000062;0.000000;48;190;165;0;25;76;htc-cmp010;Wed Apr 12 11:25:04 2023
MultiPrim;4DIM;SANTOS;GrafosGrid;Conjunto2;6.gridcorr3.tree;6;7;4;1;0.000009;0.000001;0.000000;2;3;1;0;2;2;htc-cmp010;Wed Apr 12 11:25:04 2023
MultiPrim;4DIM;SANTOS;GrafosGrid;Conjunto2;33.gridcorr2.tree;33;52;14;5;0.000075;0.118573;0.120000;502;96980;90498;0;6422;31660;htc-cmp010;Wed Apr 12 11:25:05 2023
MultiPrim;4DIM;SANTOS;GrafosGrid;Conjunto2;36.gridcorr2.tree;36;57;17;5;0.000068;0.035920;0.036000;456;47938;44702;0;1991;7154;htc-cmp010;Wed Apr 12 11:25:05 2023
MultiPrim;4DIM;SANTOS;GrafosGrid;Conjunto6;36.gridcorr1.tree;36;57;6;0;0.000085;261.783476;263.187000;15212;15369792;15304732;0;61650;592259;htc-cmp010;Wed Apr 12 11:25:28 2023
MultiPrim;4DIM;SANTOS;GrafosGrid;Conjunto2;6.gridcorr1.tree;6;7;1;0;0.000011;0.000010;0.000000;7;21;10;0;11;22;htc-cmp010;Wed Apr 12 11:25:31 2023
MultiPrim;4DIM;SANTOS;GrafosGrid;Conjunto2;24.gridcorr3.tree;24;38;23;15;0.000034;0.000000;0.000000;1;0;0;0;0;0;htc-cmp010;Wed Apr 12 11:25:31 2023
MultiPrim;4DIM;SANTOS;GrafosGrid;Conjunto8;33.gridcorr1.tree;33;52;3;1;0.000077;299.076866;300.551000;4856;19693887;19465099;0;215397;1779744;htc-cmp010;Wed Apr 12 11:25:41 2023
MultiPrim;4DIM;SANTOS;GrafosGrid;Conjunto2;27.gridcorr2.tree;27;42;10;0;0.000054;0.001481;0.001000;183;3041;2849;0;157;574;htc-cmp010;Wed Apr 12 11:25:45 2023
MultiPrim;4DIM;SANTOS;GrafosGrid;Conjunto2;38.gridcorr3.tree;38;55;33;14;0.000044;0.000006;0.000000;10;23;18;0;5;8;htc-cmp010;Wed Apr 12 11:25:46 2023
MultiPrim;4DIM;SANTOS;GrafosGrid;Conjunto2;20.gridcorr2.tree;20;28;13;6;0.000024;0.000035;0.000000;24;86;51;0;24;52;htc-cmp010;Wed Apr 12 11:25:46 2023
MultiPrim;4DIM;SANTOS;GrafosGrid;Conjunto2;20.gridcorr1.tree;20;28;5;0;0.000032;0.003457;0.003000;237;5836;5313;0;422;2362;htc-cmp010;Wed Apr 12 11:25:46 2023
MultiPrim;4DIM;SANTOS;GrafosGrid;Conjunto2;33.gridcorr3.tree;33;52;26;12;0.000048;0.000032;0.000000;39;110;101;0;9;18;htc-cmp010;Wed Apr 12 11:25:46 2023
MultiPrim;4DIM;SANTOS;GrafosGrid;Conjunto2;30.gridcorr2.tree;30;47;10;9;0.000060;0.044813;0.047000;213;48448;40586;0;5546;27986;htc-cmp010;Wed Apr 12 11:25:46 2023
MultiPrim;4DIM;SANTOS;GrafosGrid;Conjunto2;30.gridcorr3.tree;30;47;26;15;0.000047;0.000004;0.000000;5;12;8;0;4;6;htc-cmp010;Wed Apr 12 11:25:47 2023
MultiPrim;4DIM;SANTOS;GrafosGrid;Conjunto2;24.gridcorr2.tree;24;38;8;3;0.000045;0.008172;0.008000;336;11574;10871;0;688;2759;htc-cmp010;Wed Apr 12 11:25:47 2023
MultiPrim;4DIM;SANTOS;GrafosGrid;Conjunto2;6.gridcorr2.tree;6;7;3;1;0.000009;0.000003;0.000000;3;6;2;0;4;6;htc-cmp010;Wed Apr 12 11:25:47 2023
MultiPrim;4DIM;SANTOS;GrafosGrid;Conjunto2;12.gridcorr3.tree;12;16;11;5;0.000013;0.000000;0.000000;1;0;0;0;0;0;htc-cmp010;Wed Apr 12 11:25:47 2023
MultiPrim;4DIM;SANTOS;GrafosGrid;Conjunto2;38.gridcorr2.tree;38;55;13;3;0.000063;0.030766;0.074000;1193;31609;30979;0;374;1362;htc-cmp010;Wed Apr 12 11:25:48 2023
MultiPrim;4DIM;SANTOS;GrafosGrid;Conjunto2;12.gridcorr2.tree;12;16;7;0;0.000019;0.000017;0.000000;15;38;28;0;10;31;htc-cmp010;Wed Apr 12 11:25:58 2023
MultiPrim;4DIM;SANTOS;GrafosGrid;Conjunto10;40.gridcorr3.tree;40;66;35;23;0.000079;0.000008;0.000000;12;27;22;0;5;8;htc-cmp010;Wed Apr 12 11:25:58 2023
MultiPrim;4DIM;SANTOS;GrafosGrid;Conjunto10;18.gridcorr1.tree;18;25;1;0;0.000031;0.012259;0.012000;735;15329;14541;0;780;4775;htc-cmp010;Wed Apr 12 11:25:59 2023
MultiPrim;4DIM;SANTOS;GrafosGrid;Conjunto10;18.gridcorr3.tree;18;25;15;6;0.000021;0.000003;0.000000;4;7;4;0;3;4;htc-cmp010;Wed Apr 12 11:25:59 2023
MultiPrim;4DIM;SANTOS;GrafosGrid;Conjunto10;36.gridcorr3.tree;36;57;31;17;0.000061;0.000010;0.000000;11;31;24;0;7;14;htc-cmp010;Wed Apr 12 11:25:59 2023
MultiPrim;4DIM;SANTOS;GrafosGrid;Conjunto10;40.gridcorr2.tree;40;66;11;5;0.000101;17.224710;17.920000;3675;1380803;1376877;0;3663;19074;htc-cmp010;Wed Apr 12 11:26:18 2023
MultiPrim;4DIM;SANTOS;GrafosGrid;Conjunto10;27.gridcorr3.tree;27;42;23;13;0.000043;0.000005;0.000000;5;11;6;0;5;8;htc-cmp010;Wed Apr 12 11:26:18 2023
MultiPrim;4DIM;SANTOS;GrafosGrid;Conjunto10;27.gridcorr1.tree;27;42;4;0;0.000062;7.985481;8.005000;3920;1721646;1688206;0;32459;294423;htc-cmp010;Wed Apr 12 11:26:27 2023
MultiPrim;4DIM;SANTOS;GrafosGrid;Conjunto10;20.gridcorr3.tree;20;28;17;7;0.000025;0.000003;0.000000;4;7;4;0;3;4;htc-cmp010;Wed Apr 12 11:26:27 2023
MultiPrim;4DIM;SANTOS;GrafosGrid;Conjunto10;24.gridcorr1.tree;24;38;4;1;0.000051;1.581169;1.585000;977;487232;475656;0;10779;83683;htc-cmp010;Wed Apr 12 11:26:29 2023
MultiPrim;4DIM;SANTOS;GrafosGrid;Conjunto5;30.gridcorr1.tree;30;47;2;0;0.000068;322.943551;323.407000;3809;23729962;23301636;0;370361;3368826;htc-cmp010;Wed Apr 12 11:26:45 2023
MultiPrim;4DIM;SANTOS;GrafosGrid;Conjunto4;30.gridcorr1.tree;30;47;3;1;0.000066;317.471974;317.733000;8263;19063467;18781852;0;252693;2106536;htc-cmp010;Wed Apr 12 11:27:06 2023
MultiPrim;4DIM;SANTOS;GrafosGrid;Conjunto10;12.gridcorr1.tree;12;16;5;1;0.000019;0.000070;0.000000;47;156;125;0;30;119;htc-cmp010;Wed Apr 12 11:27:11 2023
MultiPrim;4DIM;SANTOS;GrafosGrid;Conjunto10;18.gridcorr2.tree;18;25;8;1;0.000026;0.000139;0.000000;40;328;261;0;60;184;htc-cmp010;Wed Apr 12 11:27:11 2023
MultiPrim;4DIM;SANTOS;GrafosGrid;Conjunto10;6.gridcorr3.tree;6;7;5;2;0.000009;0.000000;0.000000;1;0;0;0;0;0;htc-cmp010;Wed Apr 12 11:27:11 2023
MultiPrim;4DIM;SANTOS;GrafosGrid;Conjunto10;33.gridcorr2.tree;33;52;17;4;0.000063;0.006049;0.006000;296;9129;8510;0;519;1990;htc-cmp010;Wed Apr 12 11:27:12 2023
MultiPrim;4DIM;SANTOS;GrafosGrid;Conjunto10;36.gridcorr2.tree;36;57;19;5;0.000068;0.005941;0.006000;221;9651;9307;0;344;1235;htc-cmp010;Wed Apr 12 11:27:12 2023
MultiPrim;4DIM;SANTOS;GrafosGrid;Conjunto10;30.gridcorr1.tree;30;47;5;3;0.000068;47.955635;48.019000;4017;4414261;4348284;0;63490;495807;htc-cmp010;Wed Apr 12 11:27:17 2023
MultiPrim;4DIM;SANTOS;GrafosGrid;Conjunto10;6.gridcorr1.tree;6;7;4;0;0.000010;0.000002;0.000000;3;4;2;0;2;3;htc-cmp010;Wed Apr 12 11:27:19 2023
MultiPrim;4DIM;SANTOS;GrafosGrid;Conjunto10;24.gridcorr3.tree;24;38;20;12;0.000042;0.000005;0.000000;6;13;9;0;4;6;htc-cmp010;Wed Apr 12 11:27:19 2023
MultiPrim;4DIM;SANTOS;GrafosGrid;Conjunto10;27.gridcorr2.tree;27;42;11;5;0.000054;0.002260;0.002000;158;3036;2735;0;272;1150;htc-cmp010;Wed Apr 12 11:27:46 2023
MultiPrim;4DIM;SANTOS;GrafosGrid;Conjunto10;38.gridcorr3.tree;38;55;36;17;0.000044;0.000001;0.000000;2;3;1;0;2;2;htc-cmp010;Wed Apr 12 11:27:46 2023
MultiPrim;4DIM;SANTOS;GrafosGrid;Conjunto10;20.gridcorr2.tree;20;28;14;5;0.000028;0.000031;0.000000;16;74;54;0;20;62;htc-cmp010;Wed Apr 12 11:27:46 2023
MultiPrim;4DIM;SANTOS;GrafosGrid;Conjunto10;20.gridcorr1.tree;20;28;4;0;0.000035;0.005416;0.005000;285;7023;6453;0;539;2714;htc-cmp010;Wed Apr 12 11:27:47 2023
MultiPrim;4DIM;SANTOS;GrafosGrid;Conjunto10;33.gridcorr3.tree;33;52;28;15;0.000051;0.000011;0.000000;14;37;29;0;8;16;htc-cmp010;Wed Apr 12 11:27:47 2023
MultiPrim;4DIM;SANTOS;GrafosGrid;Conjunto10;30.gridcorr2.tree;30;47;13;3;0.000059;0.008283;0.008000;172;11507;10161;0;794;3221;htc-cmp010;Wed Apr 12 11:27:47 2023
MultiPrim;4DIM;SANTOS;GrafosGrid;Conjunto10;30.gridcorr3.tree;30;47;27;16;0.000047;0.000003;0.000000;3;6;3;0;3;4;htc-cmp010;Wed Apr 12 11:27:47 2023
MultiPrim;4DIM;SANTOS;GrafosGrid;Conjunto10;24.gridcorr2.tree;24;38;8;1;0.000046;0.031060;0.031000;825;30567;29963;0;601;3409;htc-cmp010;Wed Apr 12 11:27:48 2023
MultiPrim;4DIM;SANTOS;GrafosGrid;Conjunto10;6.gridcorr2.tree;6;7;4;1;0.000009;0.000001;0.000000;2;3;1;0;2;2;htc-cmp010;Wed Apr 12 11:27:48 2023
MultiPrim;4DIM;SANTOS;GrafosGrid;Conjunto10;12.gridcorr3.tree;12;16;10;4;0.000015;0.000001;0.000000;2;3;1;0;2;2;htc-cmp010;Wed Apr 12 11:27:48 2023
MultiPrim;4DIM;SANTOS;GrafosGrid;Conjunto10;38.gridcorr2.tree;38;55;25;8;0.000054;0.000382;0.000000;153;1120;1066;0;51;157;htc-cmp010;Wed Apr 12 11:27:48 2023
MultiPrim;4DIM;SANTOS;GrafosGrid;Conjunto2;38.gridcorr1.tree;38;55;6;1;0.000070;118.153945;123.821000;8085;6848271;6804517;0;37565;303413;htc-cmp010;Wed Apr 12 11:27:57 2023
MultiPrim;4DIM;SANTOS;GrafosGrid;Conjunto10;12.gridcorr2.tree;12;16;8;2;0.000015;0.000006;0.000000;7;14;8;0;6;12;htc-cmp010;Wed Apr 12 11:28:01 2023
MultiPrim;4DIM;SANTOS;GrafosGrid;Conjunto10;38.gridcorr1.tree;38;55;6;1;0.000069;17.127404;22.706000;3527;2557788;2539371;0;17807;139129;htc-cmp010;Wed Apr 12 11:28:16 2023
MultiPrim;4DIM;SANTOS;GrafosGrid;Conjunto2;30.gridcorr1.tree;30;47;5;0;0.000064;258.280548;258.366000;7533;15498607;15366416;0;131620;1442588;htc-cmp010;Wed Apr 12 11:28:17 2023
MultiPrim;4DIM;SANTOS;GrafosGrid;Conjunto3;38.gridcorr1.tree;38;55;6;0;0.000072;334.939380;340.579000;10981;15864174;15785989;0;75447;661639;htc-cmp010;Wed Apr 12 11:29:21 2023
MultiPrim;4DIM;SANTOS;GrafosGrid;Conjunto9;33.gridcorr1.tree;33;52;4;1;0.000076;638.517884;639.381000;6472;39520200;38988584;0;502129;3740271;htc-cmp010;Wed Apr 12 11:31:33 2023
MultiPrim;4DIM;SANTOS;GrafosGrid;Conjunto3;33.gridcorr1.tree;33;52;5;0;0.000072;552.950191;553.450000;6855;33934641;33474945;0;431034;4113979;htc-cmp010;Wed Apr 12 11:32:19 2023
MultiPrim;4DIM;SANTOS;GrafosGrid;Conjunto9;36.gridcorr1.tree;36;57;4;1;0.000086;946.529610;952.369000;10139;57254022;56439840;0;725348;6639347;htc-cmp010;Wed Apr 12 11:36:52 2023
MultiPrim;4DIM;SANTOS;GrafosGrid;Conjunto4;36.gridcorr1.tree;36;57;4;3;0.000085;1172.570809;1178.521000;9999;80890799;79826446;0;990258;9741019;htc-cmp010;Wed Apr 12 11:41:37 2023
MultiPrim;4DIM;SANTOS;GrafosGrid;Conjunto7;36.gridcorr1.tree;36;57;5;1;0.000080;1332.571317;1335.569000;9751;77247628;76556049;0;682826;7103266;htc-cmp010;Wed Apr 12 11:43:06 2023
MultiPrim;4DIM;SANTOS;GrafosGrid;Conjunto8;36.gridcorr1.tree;36;57;5;0;0.000085;1371.030041;1374.013000;8297;74251493;73277030;0;887669;8527819;htc-cmp010;Wed Apr 12 11:43:37 2023
MultiPrim;4DIM;SANTOS;GrafosGrid;Conjunto1;30.gridcorr1.tree;30;47;3;0;0.000066;1304.248291;1304.546000;14394;60304695;59767186;0;497309;5835191;htc-cmp010;Wed Apr 12 11:43:56 2023
MultiPrim;4DIM;SANTOS;GrafosGrid;Conjunto2;33.gridcorr1.tree;33;52;5;0;0.000073;1552.196257;1552.613000;7683;53208220;52745106;0;420018;4323149;htc-cmp010;Wed Apr 12 11:50:50 2023
MultiPrim;4DIM;SANTOS;GrafosGrid;Conjunto2;36.gridcorr1.tree;36;57;4;1;0.000081;1892.020031;1897.976000;5660;154725112;153221737;0;1212582;9568233;htc-cmp010;Wed Apr 12 11:56:48 2023
MultiPrim;4DIM;SANTOS;GrafosGrid;Conjunto1;36.gridcorr1.tree;36;57;5;3;0.000079;2748.952926;2752.242000;10458;135724932;133888755;0;1762126;17632563;htc-cmp010;Wed Apr 12 12:08:32 2023
MultiPrim;4DIM;SANTOS;GrafosGrid;Conjunto10;33.gridcorr1.tree;33;52;3;0;0.000078;3191.994201;3193.884000;10685;166244781;164572701;0;1641103;18641526;htc-cmp010;Wed Apr 12 12:20:08 2023