MultiPrim;3DIM;SANTOS;..;instances;3_a_5_100_1.tree;5;10;0;1;0.000034;0.000051;0.000000;16;39;26;0;36;htc-cmp003;Tue Mar 21 15:01:39 2023
MultiPrim;3DIM;SANTOS;..;instances;3_a_5_100_2.tree;5;10;0;3;0.000011;0.000018;0.000000;15;42;29;0;40;htc-cmp003;Tue Mar 21 15:01:39 2023
MultiPrim;3DIM;SANTOS;..;instances;3_a_5_100_3.tree;5;10;0;1;0.000027;0.000047;0.000000;11;35;22;0;51;htc-cmp003;Tue Mar 21 15:01:39 2023
MultiPrim;3DIM;SANTOS;..;instances;3_a_5_100_4.tree;5;10;1;2;0.000028;0.000036;0.000000;12;27;17;0;24;htc-cmp003;Tue Mar 21 15:01:39 2023
MultiPrim;3DIM;SANTOS;..;instances;3_a_5_100_5.tree;5;10;0;1;0.000015;0.000030;0.000000;16;47;31;0;55;htc-cmp003;Tue Mar 21 15:01:39 2023
MultiPrim;3DIM;SANTOS;..;instances;3_a_5_25_1.tree;5;9;0;0;0.000030;0.000090;0.000000;34;70;57;0;52;htc-cmp003;Tue Mar 21 15:01:39 2023
MultiPrim;3DIM;SANTOS;..;instances;3_a_5_25_2.tree;5;9;0;0;0.000011;0.000025;0.000000;20;55;41;0;54;htc-cmp003;Tue Mar 21 15:01:39 2023
MultiPrim;3DIM;SANTOS;..;instances;3_a_5_25_3.tree;5;8;0;0;0.000022;0.000040;0.000000;9;39;21;0;50;htc-cmp003;Tue Mar 21 15:01:39 2023
MultiPrim;3DIM;SANTOS;..;instances;3_a_5_25_4.tree;5;8;2;2;0.000028;0.000005;0.000000;4;8;4;0;5;htc-cmp003;Tue Mar 21 15:01:39 2023
MultiPrim;3DIM;SANTOS;..;instances;3_a_5_25_5.tree;5;9;2;1;0.000013;0.000010;0.000000;9;15;11;0;7;htc-cmp003;Tue Mar 21 15:01:39 2023
MultiPrim;3DIM;SANTOS;..;instances;3_a_10_200_1.tree;10;45;0;7;0.000134;0.019598;0.019000;579;15533;14822;0;7549;htc-cmp003;Tue Mar 21 15:01:31 2023
MultiPrim;3DIM;SANTOS;..;instances;3_a_5_50_1.tree;5;9;0;1;0.000028;0.000094;0.000000;31;75;60;0;50;htc-cmp003;Tue Mar 21 15:01:39 2023
MultiPrim;3DIM;SANTOS;..;instances;3_a_5_50_2.tree;5;9;0;2;0.000018;0.000034;0.000000;16;44;30;0;43;htc-cmp003;Tue Mar 21 15:01:40 2023
MultiPrim;3DIM;SANTOS;..;instances;3_a_5_50_3.tree;5;10;0;2;0.000031;0.000048;0.000000;14;34;20;0;38;htc-cmp003;Tue Mar 21 15:01:40 2023
MultiPrim;3DIM;SANTOS;..;instances;3_a_5_50_4.tree;5;10;0;0;0.000029;0.000114;0.000000;31;85;69;0;76;htc-cmp003;Tue Mar 21 15:01:40 2023
MultiPrim;3DIM;SANTOS;..;instances;3_a_5_50_5.tree;5;10;1;1;0.000027;0.000037;0.000000;16;34;25;0;26;htc-cmp003;Tue Mar 21 15:01:40 2023
MultiPrim;3DIM;SANTOS;..;instances;3_a_5_75_1.tree;5;10;0;1;0.000032;0.000058;0.000000;15;38;25;0;47;htc-cmp003;Tue Mar 21 15:01:40 2023
MultiPrim;3DIM;SANTOS;..;instances;3_a_5_75_2.tree;5;10;0;1;0.000022;0.000050;0.000000;11;29;18;0;38;htc-cmp003;Tue Mar 21 15:01:40 2023
MultiPrim;3DIM;SANTOS;..;instances;3_a_5_75_3.tree;5;10;0;1;0.000023;0.000046;0.000000;13;40;25;0;50;htc-cmp003;Tue Mar 21 15:01:40 2023
MultiPrim;3DIM;SANTOS;..;instances;3_a_5_75_4.tree;5;10;0;1;0.000023;0.000051;0.000000;15;42;25;0;54;htc-cmp003;Tue Mar 21 15:01:40 2023
MultiPrim;3DIM;SANTOS;..;instances;3_a_5_75_5.tree;5;10;0;0;0.000032;0.000081;0.000000;25;58;43;0;56;htc-cmp003;Tue Mar 21 15:01:40 2023
MultiPrim;3DIM;SANTOS;..;instances;3_a_10_200_2.tree;10;45;1;12;0.000043;0.006687;0.006000;540;7728;7457;0;3662;htc-cmp003;Tue Mar 21 15:01:31 2023
MultiPrim;3DIM;SANTOS;..;instances;3_a_6_120_1.tree;6;15;0;2;0.000042;0.000124;0.000000;32;84;64;0;107;htc-cmp003;Tue Mar 21 15:01:40 2023
MultiPrim;3DIM;SANTOS;..;instances;3_a_6_120_2.tree;6;15;0;3;0.000042;0.000433;0.000000;62;203;179;0;131;htc-cmp003;Tue Mar 21 15:01:40 2023
MultiPrim;3DIM;SANTOS;..;instances;3_a_6_120_3.tree;6;15;0;3;0.000042;0.000239;0.000000;38;175;146;0;155;htc-cmp003;Tue Mar 21 15:01:40 2023
MultiPrim;3DIM;SANTOS;..;instances;3_a_6_120_4.tree;6;15;1;1;0.000034;0.000124;0.000000;50;127;110;0;82;htc-cmp003;Tue Mar 21 15:01:40 2023
MultiPrim;3DIM;SANTOS;..;instances;3_a_6_120_5.tree;6;15;0;3;0.000039;0.000236;0.000000;41;163;131;0;148;htc-cmp003;Tue Mar 21 15:01:40 2023
MultiPrim;3DIM;SANTOS;..;instances;3_a_6_30_1.tree;6;14;0;1;0.000044;0.000230;0.000000;41;158;121;0;179;htc-cmp003;Tue Mar 21 15:01:40 2023
MultiPrim;3DIM;SANTOS;..;instances;3_a_6_30_2.tree;6;14;0;1;0.000042;0.000376;0.000000;65;264;231;0;196;htc-cmp003;Tue Mar 21 15:01:40 2023
MultiPrim;3DIM;SANTOS;..;instances;3_a_6_30_3.tree;6;13;0;3;0.000040;0.000104;0.000000;18;65;42;0;87;htc-cmp003;Tue Mar 21 15:01:40 2023
MultiPrim;3DIM;SANTOS;..;instances;3_a_6_30_4.tree;6;13;0;0;0.000014;0.000051;0.000000;29;115;76;0;171;htc-cmp003;Tue Mar 21 15:01:40 2023
MultiPrim;3DIM;SANTOS;..;instances;3_a_6_30_5.tree;6;15;0;2;0.000016;0.000112;0.000000;46;208;175;0;181;htc-cmp003;Tue Mar 21 15:01:40 2023
MultiPrim;3DIM;SANTOS;..;instances;3_a_10_200_3.tree;10;45;0;17;0.000146;0.003494;0.003000;174;1946;1749;0;1814;htc-cmp003;Tue Mar 21 15:01:31 2023
MultiPrim;3DIM;SANTOS;..;instances;3_a_6_60_1.tree;6;15;1;3;0.000041;0.000142;0.000000;31;112;90;0;79;htc-cmp003;Tue Mar 21 15:01:40 2023
MultiPrim;3DIM;SANTOS;..;instances;3_a_6_60_2.tree;6;15;0;2;0.000041;0.000250;0.000000;45;178;143;0;168;htc-cmp003;Tue Mar 21 15:01:40 2023
MultiPrim;3DIM;SANTOS;..;instances;3_a_6_60_3.tree;6;15;1;3;0.000040;0.000125;0.000000;25;91;74;0;81;htc-cmp003;Tue Mar 21 15:01:41 2023
MultiPrim;3DIM;SANTOS;..;instances;3_a_6_60_4.tree;6;15;0;0;0.000015;0.000156;0.000000;96;344;313;0;203;htc-cmp003;Tue Mar 21 15:01:41 2023
MultiPrim;3DIM;SANTOS;..;instances;3_a_6_60_5.tree;6;15;0;2;0.000039;0.000225;0.000000;43;157;130;0;161;htc-cmp003;Tue Mar 21 15:01:41 2023
MultiPrim;3DIM;SANTOS;..;instances;3_a_6_90_1.tree;6;15;0;2;0.000018;0.000156;0.000000;61;274;242;0;196;htc-cmp003;Tue Mar 21 15:01:41 2023
MultiPrim;3DIM;SANTOS;..;instances;3_a_6_90_2.tree;6;15;0;3;0.000016;0.000078;0.000000;52;174;145;0;153;htc-cmp003;Tue Mar 21 15:01:41 2023
MultiPrim;3DIM;SANTOS;..;instances;3_a_6_90_3.tree;6;15;2;3;0.000043;0.000042;0.000000;18;35;29;0;22;htc-cmp003;Tue Mar 21 15:01:41 2023
MultiPrim;3DIM;SANTOS;..;instances;3_a_6_90_4.tree;6;15;1;1;0.000016;0.000079;0.000000;49;150;134;0;92;htc-cmp003;Tue Mar 21 15:01:41 2023
MultiPrim;3DIM;SANTOS;..;instances;3_a_6_90_5.tree;6;15;1;6;0.000036;0.000066;0.000000;16;56;41;0;45;htc-cmp003;Tue Mar 21 15:01:41 2023
MultiPrim;3DIM;SANTOS;..;instances;3_a_10_200_4.tree;10;45;0;16;0.000042;0.003562;0.003000;321;4701;4338;0;2496;htc-cmp003;Tue Mar 21 15:01:31 2023
MultiPrim;3DIM;SANTOS;..;instances;3_a_7_105_1.tree;7;20;0;2;0.000020;0.000213;0.000000;92;438;370;0;389;htc-cmp003;Tue Mar 21 15:01:41 2023
MultiPrim;3DIM;SANTOS;..;instances;3_a_7_105_2.tree;7;20;0;3;0.000058;0.000336;0.000000;44;218;161;0;276;htc-cmp003;Tue Mar 21 15:01:41 2023
MultiPrim;3DIM;SANTOS;..;instances;3_a_7_105_3.tree;7;21;2;8;0.000054;0.000111;0.000000;24;77;60;0;79;htc-cmp003;Tue Mar 21 15:01:41 2023
MultiPrim;3DIM;SANTOS;..;instances;3_a_7_105_4.tree;7;21;0;2;0.000020;0.000797;0.000000;216;1446;1379;0;597;htc-cmp003;Tue Mar 21 15:01:41 2023
MultiPrim;3DIM;SANTOS;..;instances;3_a_7_105_5.tree;7;20;0;1;0.000058;0.001093;0.001000;142;692;636;0;492;htc-cmp003;Tue Mar 21 15:01:41 2023
MultiPrim;3DIM;SANTOS;..;instances;3_a_7_140_1.tree;7;21;0;3;0.000056;0.000917;0.000000;151;575;525;0;373;htc-cmp003;Tue Mar 21 15:01:41 2023
MultiPrim;3DIM;SANTOS;..;instances;3_a_7_140_2.tree;7;21;0;6;0.000042;0.000493;0.000000;60;405;335;0;365;htc-cmp003;Tue Mar 21 15:01:41 2023
MultiPrim;3DIM;SANTOS;..;instances;3_a_7_140_3.tree;7;21;0;1;0.000020;0.000324;0.000000;102;659;589;0;556;htc-cmp003;Tue Mar 21 15:01:41 2023
MultiPrim;3DIM;SANTOS;..;instances;3_a_7_140_4.tree;7;21;0;5;0.000055;0.000289;0.000000;66;424;355;0;392;htc-cmp003;Tue Mar 21 15:01:41 2023
MultiPrim;3DIM;SANTOS;..;instances;3_a_7_140_5.tree;7;21;0;2;0.000059;0.000502;0.000000;63;302;242;0;355;htc-cmp003;Tue Mar 21 15:01:41 2023
MultiPrim;3DIM;SANTOS;..;instances;3_a_10_200_5.tree;10;45;0;17;0.000149;0.009951;0.009000;188;5808;5166;0;4839;htc-cmp003;Tue Mar 21 15:01:31 2023
MultiPrim;3DIM;SANTOS;..;instances;3_a_7_35_1.tree;7;17;0;1;0.000048;0.001286;0.001000;249;803;757;0;311;htc-cmp003;Tue Mar 21 15:01:41 2023
MultiPrim;3DIM;SANTOS;..;instances;3_a_7_35_2.tree;7;17;1;5;0.000021;0.000085;0.000000;33;150;114;0;145;htc-cmp003;Tue Mar 21 15:01:41 2023
MultiPrim;3DIM;SANTOS;..;instances;3_a_7_35_3.tree;7;19;0;3;0.000016;0.000256;0.000000;109;555;491;0;383;htc-cmp003;Tue Mar 21 15:01:41 2023
MultiPrim;3DIM;SANTOS;..;instances;3_a_7_35_4.tree;7;19;0;2;0.000054;0.000662;0.000000;89;421;371;0;331;htc-cmp003;Tue Mar 21 15:01:42 2023
MultiPrim;3DIM;SANTOS;..;instances;3_a_7_35_5.tree;7;18;2;8;0.000054;0.000071;0.000000;27;56;44;0;40;htc-cmp003;Tue Mar 21 15:01:42 2023
MultiPrim;3DIM;SANTOS;..;instances;3_a_7_70_1.tree;7;19;0;4;0.000052;0.000598;0.000000;78;373;312;0;368;htc-cmp003;Tue Mar 21 15:01:42 2023
MultiPrim;3DIM;SANTOS;..;instances;3_a_7_70_2.tree;7;19;0;5;0.000050;0.000438;0.000000;41;297;216;0;356;htc-cmp003;Tue Mar 21 15:01:42 2023
MultiPrim;3DIM;SANTOS;..;instances;3_a_7_70_3.tree;7;21;0;1;0.000074;0.001206;0.001000;116;744;662;0;560;htc-cmp003;Tue Mar 21 15:01:42 2023
MultiPrim;3DIM;SANTOS;..;instances;3_a_7_70_4.tree;7;21;0;7;0.000018;0.000112;0.000000;37;253;201;0;277;htc-cmp003;Tue Mar 21 15:01:42 2023
MultiPrim;3DIM;SANTOS;..;instances;3_a_7_70_5.tree;7;20;0;4;0.000067;0.000520;0.000000;103;373;318;0;291;htc-cmp003;Tue Mar 21 15:01:42 2023
MultiPrim;3DIM;SANTOS;..;instances;3_a_10_50_1.tree;10;32;0;7;0.000032;0.005274;0.005000;378;7953;7550;0;4324;htc-cmp003;Tue Mar 21 15:01:31 2023
MultiPrim;3DIM;SANTOS;..;instances;3_a_8_120_1.tree;8;28;0;4;0.000077;0.002601;0.002000;199;1347;1241;0;960;htc-cmp003;Tue Mar 21 15:01:42 2023
MultiPrim;3DIM;SANTOS;..;instances;3_a_8_120_2.tree;8;28;0;9;0.000034;0.000326;0.000000;112;560;509;0;308;htc-cmp003;Tue Mar 21 15:01:42 2023
MultiPrim;3DIM;SANTOS;..;instances;3_a_8_120_3.tree;8;28;0;4;0.000032;0.001076;0.001000;176;1366;1252;0;1053;htc-cmp003;Tue Mar 21 15:01:42 2023
MultiPrim;3DIM;SANTOS;..;instances;3_a_8_120_4.tree;8;28;0;5;0.000077;0.001801;0.001000;163;1014;923;0;638;htc-cmp003;Tue Mar 21 15:01:42 2023
MultiPrim;3DIM;SANTOS;..;instances;3_a_8_120_5.tree;8;27;1;3;0.000031;0.000799;0.000000;249;1074;1010;0;624;htc-cmp003;Tue Mar 21 15:01:42 2023
MultiPrim;3DIM;SANTOS;..;instances;3_a_8_160_1.tree;8;28;0;7;0.000081;0.003119;0.003000;247;1655;1545;0;964;htc-cmp003;Tue Mar 21 15:01:42 2023
MultiPrim;3DIM;SANTOS;..;instances;3_a_8_160_2.tree;8;28;2;10;0.000031;0.000122;0.000000;50;194;168;0;178;htc-cmp003;Tue Mar 21 15:01:42 2023
MultiPrim;3DIM;SANTOS;..;instances;3_a_8_160_3.tree;8;28;2;8;0.000083;0.000253;0.000000;45;163;133;0;205;htc-cmp003;Tue Mar 21 15:01:42 2023
MultiPrim;3DIM;SANTOS;..;instances;3_a_8_160_4.tree;8;28;0;5;0.000078;0.001074;0.001000;123;810;700;0;703;htc-cmp003;Tue Mar 21 15:01:42 2023
MultiPrim;3DIM;SANTOS;..;instances;3_a_8_160_5.tree;8;28;1;5;0.000077;0.002050;0.002000;172;1270;1213;0;543;htc-cmp003;Tue Mar 21 15:01:42 2023
MultiPrim;3DIM;SANTOS;..;instances;3_a_10_50_2.tree;10;32;0;6;0.000097;0.007653;0.007000;204;4425;4100;0;3144;htc-cmp003;Tue Mar 21 15:01:31 2023
MultiPrim;3DIM;SANTOS;..;instances;3_a_8_40_1.tree;8;23;0;2;0.000022;0.000330;0.000000;74;617;523;0;762;htc-cmp003;Tue Mar 21 15:01:42 2023
MultiPrim;3DIM;SANTOS;..;instances;3_a_8_40_2.tree;8;23;0;5;0.000051;0.001240;0.001000;67;812;656;0;947;htc-cmp003;Tue Mar 21 15:01:42 2023
MultiPrim;3DIM;SANTOS;..;instances;3_a_8_40_3.tree;8;23;0;5;0.000067;0.002474;0.002000;144;1413;1289;0;814;htc-cmp003;Tue Mar 21 15:01:42 2023
MultiPrim;3DIM;SANTOS;..;instances;3_a_8_40_4.tree;8;23;2;8;0.000021;0.000038;0.000000;38;94;79;0;64;htc-cmp003;Tue Mar 21 15:01:42 2023
MultiPrim;3DIM;SANTOS;..;instances;3_a_8_40_5.tree;8;21;0;2;0.000059;0.000998;0.001000;206;1480;1374;0;769;htc-cmp003;Tue Mar 21 15:01:42 2023
MultiPrim;3DIM;SANTOS;..;instances;3_a_8_80_1.tree;8;28;0;6;0.000034;0.001410;0.001000;189;1867;1712;0;1248;htc-cmp003;Tue Mar 21 15:01:43 2023
MultiPrim;3DIM;SANTOS;..;instances;3_a_8_80_2.tree;8;28;0;8;0.000083;0.001070;0.001000;89;709;606;0;803;htc-cmp003;Tue Mar 21 15:01:43 2023
MultiPrim;3DIM;SANTOS;..;instances;3_a_8_80_3.tree;8;28;0;7;0.000024;0.000808;0.000000;135;1497;1372;0;964;htc-cmp003;Tue Mar 21 15:01:43 2023
MultiPrim;3DIM;SANTOS;..;instances;3_a_8_80_4.tree;8;28;0;7;0.000032;0.000875;0.000000;113;1334;1199;0;988;htc-cmp003;Tue Mar 21 15:01:43 2023
MultiPrim;3DIM;SANTOS;..;instances;3_a_8_80_5.tree;8;26;0;7;0.000072;0.001546;0.001000;112;969;838;0;833;htc-cmp003;Tue Mar 21 15:01:43 2023
MultiPrim;3DIM;SANTOS;..;instances;3_a_10_50_3.tree;10;36;0;6;0.000045;0.006217;0.006000;358;7020;6652;0;4237;htc-cmp003;Tue Mar 21 15:01:31 2023
MultiPrim;3DIM;SANTOS;..;instances;3_a_9_135_1.tree;9;35;0;9;0.000094;0.003238;0.003000;346;3440;3246;0;2326;htc-cmp003;Tue Mar 21 15:01:43 2023
MultiPrim;3DIM;SANTOS;..;instances;3_a_9_135_2.tree;9;35;0;9;0.000101;0.006701;0.006000;197;3364;3021;0;2716;htc-cmp003;Tue Mar 21 15:01:43 2023
MultiPrim;3DIM;SANTOS;..;instances;3_a_9_135_3.tree;9;34;0;11;0.000031;0.001106;0.001000;170;2143;1877;0;1758;htc-cmp003;Tue Mar 21 15:01:43 2023
MultiPrim;3DIM;SANTOS;..;instances;3_a_9_135_4.tree;9;34;0;8;0.000056;0.004486;0.004000;242;3199;2963;0;2069;htc-cmp003;Tue Mar 21 15:01:43 2023
MultiPrim;3DIM;SANTOS;..;instances;3_a_9_135_5.tree;9;34;0;8;0.000042;0.003128;0.003000;366;3803;3596;0;2116;htc-cmp003;Tue Mar 21 15:01:43 2023
MultiPrim;3DIM;SANTOS;..;instances;3_a_9_180_1.tree;9;36;0;9;0.000041;0.003634;0.003000;369;4455;4193;0;2762;htc-cmp003;Tue Mar 21 15:01:43 2023
MultiPrim;3DIM;SANTOS;..;instances;3_a_9_180_2.tree;9;36;0;13;0.000035;0.000552;0.000000;142;1080;977;0;786;htc-cmp003;Tue Mar 21 15:01:43 2023
MultiPrim;3DIM;SANTOS;..;instances;3_a_9_180_3.tree;9;36;0;10;0.000106;0.007941;0.007000;182;3752;3483;0;2608;htc-cmp003;Tue Mar 21 15:01:43 2023
MultiPrim;3DIM;SANTOS;..;instances;3_a_9_180_4.tree;9;36;0;11;0.000035;0.001424;0.001000;198;2323;2108;0;2006;htc-cmp003;Tue Mar 21 15:01:43 2023
MultiPrim;3DIM;SANTOS;..;instances;3_a_9_180_5.tree;9;35;0;8;0.000079;0.003467;0.003000;263;2417;2214;0;1665;htc-cmp003;Tue Mar 21 15:01:43 2023
MultiPrim;3DIM;SANTOS;..;instances;3_a_10_50_4.tree;10;36;0;10;0.000058;0.002191;0.002000;223;3118;2922;0;1958;htc-cmp003;Tue Mar 21 15:01:31 2023
MultiPrim;3DIM;SANTOS;..;instances;3_a_9_45_1.tree;9;28;1;6;0.000078;0.003634;0.003000;165;1935;1763;0;1138;htc-cmp003;Tue Mar 21 15:01:43 2023
MultiPrim;3DIM;SANTOS;..;instances;3_a_9_45_2.tree;9;28;0;5;0.000103;0.010694;0.010000;421;5733;5488;0;2474;htc-cmp003;Tue Mar 21 15:01:43 2023
MultiPrim;3DIM;SANTOS;..;instances;3_a_9_45_3.tree;9;26;1;4;0.000026;0.000628;0.000000;143;1196;1083;0;826;htc-cmp003;Tue Mar 21 15:01:43 2023
MultiPrim;3DIM;SANTOS;..;instances;3_a_9_45_4.tree;9;26;0;2;0.000052;0.002234;0.002000;184;1847;1717;0;1163;htc-cmp003;Tue Mar 21 15:01:43 2023
MultiPrim;3DIM;SANTOS;..;instances;3_a_9_45_5.tree;9;25;0;0;0.000071;0.009662;0.009000;363;5012;4781;0;2476;htc-cmp003;Tue Mar 21 15:01:43 2023
MultiPrim;3DIM;SANTOS;..;instances;3_a_9_90_1.tree;9;33;0;8;0.000110;0.005598;0.005000;243;2769;2583;0;1978;htc-cmp003;Tue Mar 21 15:01:43 2023
MultiPrim;3DIM;SANTOS;..;instances;3_a_9_90_2.tree;9;33;2;7;0.000032;0.001056;0.001000;272;1837;1771;0;731;htc-cmp003;Tue Mar 21 15:01:43 2023
MultiPrim;3DIM;SANTOS;..;instances;3_a_9_90_3.tree;9;33;0;6;0.000028;0.001838;0.001000;317;2995;2848;0;1374;htc-cmp003;Tue Mar 21 15:01:43 2023
MultiPrim;3DIM;SANTOS;..;instances;3_a_9_90_4.tree;9;33;0;9;0.000100;0.001237;0.001000;187;2249;2138;0;815;htc-cmp003;Tue Mar 21 15:01:43 2023
MultiPrim;3DIM;SANTOS;..;instances;3_a_9_90_5.tree;9;32;0;5;0.000091;0.008953;0.008000;366;4956;4667;0;3028;htc-cmp003;Tue Mar 21 15:01:44 2023
MultiPrim;3DIM;SANTOS;..;instances;3_a_10_50_5.tree;10;33;0;3;0.000100;0.008261;0.008000;378;5193;4672;0;4000;htc-cmp003;Tue Mar 21 15:01:31 2023
MultiPrim;3DIM;SANTOS;..;instances;3_a_10_100_2.tree;10;42;0;15;0.000152;0.003987;0.004000;138;2202;1971;0;2303;htc-cmp003;Tue Mar 21 15:01:30 2023
MultiPrim;3DIM;SANTOS;..;instances;3_a_11_110_1.tree;11;49;1;12;0.000065;0.010320;0.010000;453;10724;10178;0;7638;htc-cmp003;Tue Mar 21 15:01:31 2023
MultiPrim;3DIM;SANTOS;..;instances;3_a_11_110_2.tree;11;49;1;16;0.000159;0.012139;0.012000;355;6185;5830;0;4059;htc-cmp003;Tue Mar 21 15:01:31 2023
MultiPrim;3DIM;SANTOS;..;instances;3_a_11_110_3.tree;11;50;0;16;0.000161;0.020471;0.020000;457;14884;14248;0;8633;htc-cmp003;Tue Mar 21 15:01:31 2023
MultiPrim;3DIM;SANTOS;..;instances;3_a_11_110_4.tree;11;50;0;13;0.000093;0.020495;0.020000;561;18304;17627;0;9858;htc-cmp003;Tue Mar 21 15:01:32 2023
MultiPrim;3DIM;SANTOS;..;instances;3_a_11_110_5.tree;11;49;0;13;0.000121;0.018776;0.018000;521;17007;16345;0;9652;htc-cmp003;Tue Mar 21 15:01:32 2023
MultiPrim;3DIM;SANTOS;..;instances;3_a_11_165_1.tree;11;53;0;15;0.000171;0.015658;0.015000;191;9326;8552;0;8812;htc-cmp003;Tue Mar 21 15:01:32 2023
MultiPrim;3DIM;SANTOS;..;instances;3_a_11_165_2.tree;11;53;0;14;0.000094;0.044660;0.044000;727;43227;41507;0;16958;htc-cmp003;Tue Mar 21 15:01:32 2023
MultiPrim;3DIM;SANTOS;..;instances;3_a_11_165_3.tree;11;51;0;15;0.000051;0.019675;0.019000;743;23152;22289;0;11967;htc-cmp003;Tue Mar 21 15:01:32 2023
MultiPrim;3DIM;SANTOS;..;instances;3_a_11_165_4.tree;11;51;0;19;0.000052;0.002970;0.002000;303;4450;4013;0;4906;htc-cmp003;Tue Mar 21 15:01:32 2023
MultiPrim;3DIM;SANTOS;..;instances;3_a_11_165_5.tree;11;51;1;10;0.000153;0.017351;0.017000;898;19592;19131;0;7225;htc-cmp003;Tue Mar 21 15:01:32 2023
MultiPrim;3DIM;SANTOS;..;instances;3_a_10_100_3.tree;10;42;0;6;0.000132;0.017168;0.017000;591;10441;10032;0;5554;htc-cmp003;Tue Mar 21 15:01:30 2023
MultiPrim;3DIM;SANTOS;..;instances;3_a_11_220_1.tree;11;53;0;16;0.000173;0.030137;0.030000;637;24551;23635;0;14363;htc-cmp003;Tue Mar 21 15:01:32 2023
MultiPrim;3DIM;SANTOS;..;instances;3_a_11_220_2.tree;11;53;1;17;0.000054;0.010028;0.010000;452;13550;12990;0;6644;htc-cmp003;Tue Mar 21 15:01:32 2023
MultiPrim;3DIM;SANTOS;..;instances;3_a_11_220_3.tree;11;54;0;14;0.000063;0.024639;0.024000;767;26607;25470;0;14553;htc-cmp003;Tue Mar 21 15:01:32 2023
MultiPrim;3DIM;SANTOS;..;instances;3_a_11_220_4.tree;11;54;0;18;0.000054;0.007194;0.007000;360;9730;9151;0;6868;htc-cmp003;Tue Mar 21 15:01:32 2023
MultiPrim;3DIM;SANTOS;..;instances;3_a_11_220_5.tree;11;53;0;9;0.000048;0.081266;0.081000;1436;69373;68438;0;17811;htc-cmp003;Tue Mar 21 15:01:32 2023
MultiPrim;3DIM;SANTOS;..;instances;3_a_11_55_1.tree;11;34;1;6;0.000045;0.007906;0.007000;300;9137;8591;0;5035;htc-cmp003;Tue Mar 21 15:01:32 2023
MultiPrim;3DIM;SANTOS;..;instances;3_a_11_55_2.tree;11;34;0;3;0.000105;0.015144;0.015000;753;9590;9220;0;4506;htc-cmp003;Tue Mar 21 15:01:32 2023
MultiPrim;3DIM;SANTOS;..;instances;3_a_11_55_3.tree;11;36;1;11;0.000046;0.004937;0.004000;342;5768;5358;0;3659;htc-cmp003;Tue Mar 21 15:01:32 2023
MultiPrim;3DIM;SANTOS;..;instances;3_a_11_55_4.tree;11;36;0;4;0.000111;0.024306;0.024000;521;19608;18813;0;10111;htc-cmp003;Tue Mar 21 15:01:32 2023
MultiPrim;3DIM;SANTOS;..;instances;3_a_11_55_5.tree;11;33;0;3;0.000044;0.007309;0.007000;205;8764;8172;0;6395;htc-cmp003;Tue Mar 21 15:01:32 2023
MultiPrim;3DIM;SANTOS;..;instances;3_a_10_100_4.tree;10;42;0;13;0.000130;0.009899;0.009000;281;4327;3956;0;3627;htc-cmp003;Tue Mar 21 15:01:30 2023
MultiPrim;3DIM;SANTOS;..;instances;3_a_12_120_1.tree;12;58;0;15;0.000206;0.103218;0.103000;1085;84775;82686;0;31820;htc-cmp003;Tue Mar 21 15:01:32 2023
MultiPrim;3DIM;SANTOS;..;instances;3_a_12_120_2.tree;12;58;0;12;0.000199;0.066307;0.066000;1094;59934;57710;0;32701;htc-cmp003;Tue Mar 21 15:01:32 2023
MultiPrim;3DIM;SANTOS;..;instances;3_a_12_120_3.tree;12;58;0;17;0.000208;0.047490;0.047000;835;42362;41136;0;20728;htc-cmp003;Tue Mar 21 15:01:32 2023
MultiPrim;3DIM;SANTOS;..;instances;3_a_12_120_4.tree;12;58;0;20;0.000199;0.048710;0.048000;847;48387;46751;0;23465;htc-cmp003;Tue Mar 21 15:01:32 2023
MultiPrim;3DIM;SANTOS;..;instances;3_a_12_120_5.tree;12;55;1;17;0.000057;0.027925;0.027000;953;32084;31058;0;14126;htc-cmp003;Tue Mar 21 15:01:33 2023
MultiPrim;3DIM;SANTOS;..;instances;3_a_12_180_1.tree;12;62;0;21;0.000221;0.091512;0.091000;1188;77423;75375;0;30679;htc-cmp003;Tue Mar 21 15:01:33 2023
MultiPrim;3DIM;SANTOS;..;instances;3_a_12_180_2.tree;12;62;1;19;0.000219;0.034028;0.034000;654;29105;27752;0;17475;htc-cmp003;Tue Mar 21 15:01:33 2023
MultiPrim;3DIM;SANTOS;..;instances;3_a_12_180_3.tree;12;63;0;18;0.000159;0.056641;0.056000;908;49253;47588;0;25056;htc-cmp003;Tue Mar 21 15:01:33 2023
MultiPrim;3DIM;SANTOS;..;instances;3_a_12_180_4.tree;12;63;0;13;0.000205;0.224072;0.224000;2162;148948;147044;0;36252;htc-cmp003;Tue Mar 21 15:01:33 2023
MultiPrim;3DIM;SANTOS;..;instances;3_a_12_180_5.tree;12;60;0;14;0.000063;0.050885;0.050000;1094;51153;49528;0;27015;htc-cmp003;Tue Mar 21 15:01:33 2023
MultiPrim;3DIM;SANTOS;..;instances;3_a_10_100_5.tree;10;44;0;12;0.000135;0.021851;0.021000;631;14638;14171;0;6065;htc-cmp003;Tue Mar 21 15:01:30 2023
MultiPrim;3DIM;SANTOS;..;instances;3_a_12_240_1.tree;12;64;0;24;0.000076;0.048134;0.048000;761;48856;46907;0;22606;htc-cmp003;Tue Mar 21 15:01:33 2023
MultiPrim;3DIM;SANTOS;..;instances;3_a_12_240_2.tree;12;64;0;26;0.000240;0.029167;0.029000;994;26832;25581;0;13759;htc-cmp003;Tue Mar 21 15:01:33 2023
MultiPrim;3DIM;SANTOS;..;instances;3_a_12_240_3.tree;12;66;1;25;0.000242;0.047777;0.047000;1054;39145;38246;0;15390;htc-cmp003;Tue Mar 21 15:01:33 2023
MultiPrim;3DIM;SANTOS;..;instances;3_a_12_240_4.tree;12;66;0;21;0.000238;0.107193;0.107000;1107;86768;84579;0;37690;htc-cmp003;Tue Mar 21 15:01:33 2023
MultiPrim;3DIM;SANTOS;..;instances;3_a_12_240_5.tree;12;64;0;17;0.000090;0.052557;0.052000;1241;49905;48306;0;25924;htc-cmp003;Tue Mar 21 15:01:33 2023
MultiPrim;3DIM;SANTOS;..;instances;3_a_12_60_1.tree;12;40;0;10;0.000053;0.016531;0.016000;324;19072;17658;0;13804;htc-cmp003;Tue Mar 21 15:01:33 2023
MultiPrim;3DIM;SANTOS;..;instances;3_a_12_60_2.tree;12;40;1;8;0.000039;0.012609;0.012000;198;12348;11410;0;11617;htc-cmp003;Tue Mar 21 15:01:33 2023
MultiPrim;3DIM;SANTOS;..;instances;3_a_12_60_3.tree;12;39;0;7;0.000051;0.037347;0.037000;588;41236;39585;0;17982;htc-cmp003;Tue Mar 21 15:01:33 2023
MultiPrim;3DIM;SANTOS;..;instances;3_a_12_60_4.tree;12;39;1;8;0.000039;0.018416;0.018000;583;20416;19703;0;9403;htc-cmp003;Tue Mar 21 15:01:33 2023
MultiPrim;3DIM;SANTOS;..;instances;3_a_12_60_5.tree;12;38;0;6;0.000114;0.029219;0.029000;531;23063;21775;0;16292;htc-cmp003;Tue Mar 21 15:01:33 2023
MultiPrim;3DIM;SANTOS;..;instances;3_a_10_150_1.tree;10;43;0;11;0.000127;0.018817;0.018000;587;14747;14187;0;6639;htc-cmp003;Tue Mar 21 15:01:31 2023
MultiPrim;3DIM;SANTOS;..;instances;3_a_13_130_1.tree;13;62;0;17;0.000069;0.192312;0.192000;1203;155027;151765;0;59963;htc-cmp003;Tue Mar 21 15:01:33 2023
MultiPrim;3DIM;SANTOS;..;instances;3_a_13_130_2.tree;13;62;1;27;0.000234;0.040272;0.040000;689;35877;34427;0;17291;htc-cmp003;Tue Mar 21 15:01:33 2023
MultiPrim;3DIM;SANTOS;..;instances;3_a_13_130_3.tree;13;64;1;23;0.000230;0.022863;0.022000;644;18165;17558;0;7760;htc-cmp003;Tue Mar 21 15:01:33 2023
MultiPrim;3DIM;SANTOS;..;instances;3_a_13_130_4.tree;13;64;0;15;0.000067;0.209044;0.209000;1372;162288;158371;0;65606;htc-cmp003;Tue Mar 21 15:01:34 2023
MultiPrim;3DIM;SANTOS;..;instances;3_a_13_130_5.tree;13;59;0;19;0.000216;0.075592;0.075000;862;68518;65121;0;43471;htc-cmp003;Tue Mar 21 15:01:34 2023
MultiPrim;3DIM;SANTOS;..;instances;3_a_13_195_1.tree;13;71;1;20;0.000085;0.035649;0.035000;810;39911;37680;0;27432;htc-cmp003;Tue Mar 21 15:01:34 2023
MultiPrim;3DIM;SANTOS;..;instances;3_a_13_195_2.tree;13;71;1;24;0.000277;0.031173;0.031000;1001;27356;25910;0;15823;htc-cmp003;Tue Mar 21 15:01:34 2023
MultiPrim;3DIM;SANTOS;..;instances;3_a_13_195_3.tree;13;73;0;20;0.000192;0.154219;0.154000;986;126061;120749;0;68487;htc-cmp003;Tue Mar 21 15:01:34 2023
MultiPrim;3DIM;SANTOS;..;instances;3_a_13_195_4.tree;13;73;0;21;0.000268;0.777527;0.777000;2489;360648;356526;0;85902;htc-cmp003;Tue Mar 21 15:01:35 2023
MultiPrim;3DIM;SANTOS;..;instances;3_a_13_195_5.tree;13;71;0;24;0.000107;0.208914;0.209000;1420;153190;149289;0;57373;htc-cmp003;Tue Mar 21 15:01:34 2023
MultiPrim;3DIM;SANTOS;..;instances;3_a_10_150_2.tree;10;43;0;7;0.000130;0.021872;0.021000;669;16393;15822;0;7514;htc-cmp003;Tue Mar 21 15:01:31 2023
MultiPrim;3DIM;SANTOS;..;instances;3_a_13_260_1.tree;13;75;1;19;0.000111;0.228192;0.228000;2286;160950;158177;0;41077;htc-cmp003;Tue Mar 21 15:01:34 2023
MultiPrim;3DIM;SANTOS;..;instances;3_a_13_260_2.tree;13;75;0;23;0.000280;0.258356;0.258000;1454;159953;155444;0;73353;htc-cmp003;Tue Mar 21 15:01:34 2023
MultiPrim;3DIM;SANTOS;..;instances;3_a_13_260_3.tree;13;77;0;31;0.000291;0.190992;0.191000;1460;136334;132383;0;55801;htc-cmp003;Tue Mar 21 15:01:34 2023
MultiPrim;3DIM;SANTOS;..;instances;3_a_13_260_4.tree;13;77;0;27;0.000291;0.463785;0.464000;2385;246842;242998;0;77732;htc-cmp003;Tue Mar 21 15:01:35 2023
MultiPrim;3DIM;SANTOS;..;instances;3_a_13_260_5.tree;13;76;0;27;0.000288;0.115407;0.115000;1244;91167;88743;0;47432;htc-cmp003;Tue Mar 21 15:01:35 2023
MultiPrim;3DIM;SANTOS;..;instances;3_a_13_65_1.tree;13;42;0;7;0.000047;0.072901;0.072000;653;71965;69108;0;33260;htc-cmp003;Tue Mar 21 15:01:35 2023
MultiPrim;3DIM;SANTOS;..;instances;3_a_13_65_2.tree;13;42;0;9;0.000144;0.033745;0.033000;691;29789;28542;0;15177;htc-cmp003;Tue Mar 21 15:01:35 2023
MultiPrim;3DIM;SANTOS;..;instances;3_a_13_65_3.tree;13;45;1;11;0.000049;0.006200;0.006000;348;9221;8521;0;8780;htc-cmp003;Tue Mar 21 15:01:35 2023
MultiPrim;3DIM;SANTOS;..;instances;3_a_13_65_4.tree;13;45;0;9;0.000049;0.036071;0.036000;740;43918;41562;0;27418;htc-cmp003;Tue Mar 21 15:01:35 2023
MultiPrim;3DIM;SANTOS;..;instances;3_a_13_65_5.tree;13;44;0;3;0.000043;0.078731;0.078000;1387;79873;78370;0;23448;htc-cmp003;Tue Mar 21 15:01:35 2023
MultiPrim;3DIM;SANTOS;..;instances;3_a_10_150_3.tree;10;44;0;9;0.000136;0.015326;0.015000;615;10432;9955;0;5874;htc-cmp003;Tue Mar 21 15:01:31 2023
MultiPrim;3DIM;SANTOS;..;instances;3_a_14_140_1.tree;14;69;0;17;0.000267;0.192695;0.192000;1360;131883;124923;0;95409;htc-cmp003;Tue Mar 21 15:01:35 2023
MultiPrim;3DIM;SANTOS;..;instances;3_a_14_140_2.tree;14;69;0;18;0.000275;0.069293;0.069000;1219;61083;58267;0;42731;htc-cmp003;Tue Mar 21 15:01:35 2023
MultiPrim;3DIM;SANTOS;..;instances;3_a_14_140_3.tree;14;72;1;17;0.000145;0.423608;0.423000;2192;250118;246379;0;73991;htc-cmp003;Tue Mar 21 15:01:36 2023
MultiPrim;3DIM;SANTOS;..;instances;3_a_14_140_4.tree;14;72;0;16;0.000079;0.549957;0.550000;2141;314167;306390;0;156180;htc-cmp003;Tue Mar 21 15:01:36 2023
MultiPrim;3DIM;SANTOS;..;instances;3_a_14_140_5.tree;14;70;0;23;0.000258;0.440993;0.441000;1633;305607;296380;0;112150;htc-cmp003;Tue Mar 21 15:01:36 2023
MultiPrim;3DIM;SANTOS;..;instances;3_a_14_210_1.tree;14;80;0;18;0.000091;1.315969;1.316000;2398;499098;491943;0;173233;htc-cmp003;Tue Mar 21 15:01:37 2023
MultiPrim;3DIM;SANTOS;..;instances;3_a_14_210_2.tree;14;80;0;22;0.000118;1.798799;1.800000;2997;798179;789291;0;181487;htc-cmp003;Tue Mar 21 15:01:37 2023
MultiPrim;3DIM;SANTOS;..;instances;3_a_14_210_3.tree;14;85;1;31;0.000125;0.602696;0.603000;1912;316943;313751;0;69858;htc-cmp003;Tue Mar 21 15:01:36 2023
MultiPrim;3DIM;SANTOS;..;instances;3_a_14_210_4.tree;14;85;0;32;0.000104;0.709242;0.709000;1571;371487;362292;0;146694;htc-cmp003;Tue Mar 21 15:01:37 2023
MultiPrim;3DIM;SANTOS;..;instances;3_a_14_210_5.tree;14;81;0;26;0.000096;0.708674;0.709000;2540;379754;373107;0;109278;htc-cmp003;Tue Mar 21 15:01:37 2023
MultiPrim;3DIM;SANTOS;..;instances;3_a_10_150_4.tree;10;44;0;6;0.000124;0.039683;0.039000;1163;29116;28616;0;8033;htc-cmp003;Tue Mar 21 15:01:31 2023
MultiPrim;3DIM;SANTOS;..;instances;3_a_14_280_1.tree;14;86;0;27;0.000100;1.505043;1.506000;3708;631041;624952;0;150309;htc-cmp003;Tue Mar 21 15:01:38 2023
MultiPrim;3DIM;SANTOS;..;instances;3_a_14_280_2.tree;14;86;0;31;0.000140;0.806326;0.806000;1873;390807;381937;0;155187;htc-cmp003;Tue Mar 21 15:01:38 2023
MultiPrim;3DIM;SANTOS;..;instances;3_a_14_280_3.tree;14;87;0;29;0.000344;0.503776;0.504000;2008;286664;281603;0;107857;htc-cmp003;Tue Mar 21 15:01:38 2023
MultiPrim;3DIM;SANTOS;..;instances;3_a_14_280_4.tree;14;87;0;29;0.000327;1.064394;1.065000;2582;500139;493918;0;144518;htc-cmp003;Tue Mar 21 15:01:39 2023
MultiPrim;3DIM;SANTOS;..;instances;3_a_14_280_5.tree;14;89;0;33;0.000107;0.965149;0.965000;2543;482285;474272;0;161788;htc-cmp003;Tue Mar 21 15:01:39 2023
MultiPrim;3DIM;SANTOS;..;instances;3_a_14_70_1.tree;14;51;0;4;0.000167;0.440068;0.440000;1407;270465;265088;0;100269;htc-cmp003;Tue Mar 21 15:01:39 2023
MultiPrim;3DIM;SANTOS;..;instances;3_a_14_70_2.tree;14;51;0;10;0.000177;0.177129;0.177000;1462;137366;133639;0;51192;htc-cmp003;Tue Mar 21 15:01:39 2023
MultiPrim;3DIM;SANTOS;..;instances;3_a_14_70_3.tree;14;49;0;5;0.000124;0.421391;0.421000;1383;260969;254093;0;107461;htc-cmp003;Tue Mar 21 15:01:39 2023
MultiPrim;3DIM;SANTOS;..;instances;3_a_14_70_4.tree;14;49;1;7;0.000172;0.056891;0.056000;737;52295;50010;0;33639;htc-cmp003;Tue Mar 21 15:01:39 2023
MultiPrim;3DIM;SANTOS;..;instances;3_a_14_70_5.tree;14;52;1;8;0.000056;0.060358;0.060000;526;64235;61779;0;38642;htc-cmp003;Tue Mar 21 15:01:39 2023
MultiPrim;3DIM;SANTOS;..;instances;3_a_10_150_5.tree;10;45;0;11;0.000058;0.008165;0.008000;499;7934;7599;0;4264;htc-cmp003;Tue Mar 21 15:01:31 2023
MultiBN;3DIM;SANTOS;..;instances;3_a_5_100_1.tree;5;10;0;1;0.000019;0.000047;0.000000;16;50;0;0;0;htc-cmp003;Tue Mar 21 15:10:19 2023
MultiBN;3DIM;SANTOS;..;instances;3_a_5_100_2.tree;5;10;0;3;0.000030;0.000085;0.000000;15;42;0;0;0;htc-cmp002;Tue Mar 21 15:10:19 2023
MultiBN;3DIM;SANTOS;..;instances;3_a_5_100_3.tree;5;10;0;1;0.000032;0.000102;0.000000;11;44;0;0;0;htc-cmp002;Tue Mar 21 15:10:19 2023
MultiBN;3DIM;SANTOS;..;instances;3_a_5_100_4.tree;5;10;1;2;0.000043;0.000056;0.000000;12;29;0;0;0;htc-cmp003;Tue Mar 21 15:10:19 2023
MultiBN;3DIM;SANTOS;..;instances;3_a_5_100_5.tree;5;10;0;1;0.000032;0.000123;0.000000;16;57;0;0;0;htc-cmp003;Tue Mar 21 15:10:19 2023
MultiBN;3DIM;SANTOS;..;instances;3_a_5_25_1.tree;5;9;0;0;0.000014;0.000075;0.000000;34;92;0;0;0;htc-cmp002;Tue Mar 21 15:10:19 2023
MultiBN;3DIM;SANTOS;..;instances;3_a_5_25_2.tree;5;9;0;0;0.000021;0.000059;0.000000;20;70;0;0;0;htc-cmp002;Tue Mar 21 15:10:19 2023
MultiBN;3DIM;SANTOS;..;instances;3_a_5_25_3.tree;5;8;0;0;0.000014;0.000035;0.000000;9;42;0;0;0;htc-cmp003;Tue Mar 21 15:10:19 2023
MultiBN;3DIM;SANTOS;..;instances;3_a_5_25_4.tree;5;8;2;2;0.000020;0.000013;0.000000;4;8;0;0;0;htc-cmp002;Tue Mar 21 15:10:19 2023
MultiBN;3DIM;SANTOS;..;instances;3_a_5_25_5.tree;5;9;2;1;0.000012;0.000009;0.000000;9;15;0;0;0;htc-cmp002;Tue Mar 21 15:10:20 2023
MultiBN;3DIM;SANTOS;..;instances;3_a_10_200_1.tree;10;45;0;7;0.000073;0.116200;0.116000;579;33778;0;0;0;htc-cmp002;Tue Mar 21 15:09:06 2023
MultiBN;3DIM;SANTOS;..;instances;3_a_5_50_1.tree;5;9;0;1;0.000028;0.000142;0.000000;31;75;0;0;0;htc-cmp002;Tue Mar 21 15:10:20 2023
MultiBN;3DIM;SANTOS;..;instances;3_a_5_50_2.tree;5;9;0;2;0.000029;0.000095;0.000000;16;48;0;0;0;htc-cmp002;Tue Mar 21 15:10:20 2023
MultiBN;3DIM;SANTOS;..;instances;3_a_5_50_3.tree;5;10;0;2;0.000015;0.000038;0.000000;14;41;0;0;0;htc-cmp003;Tue Mar 21 15:10:20 2023
MultiBN;3DIM;SANTOS;..;instances;3_a_5_50_4.tree;5;10;0;0;0.000031;0.000178;0.000000;31;88;0;0;0;htc-cmp003;Tue Mar 21 15:10:20 2023
MultiBN;3DIM;SANTOS;..;instances;3_a_5_50_5.tree;5;10;1;1;0.000014;0.000030;0.000000;16;37;0;0;0;htc-cmp002;Tue Mar 21 15:10:20 2023
MultiBN;3DIM;SANTOS;..;instances;3_a_5_75_1.tree;5;10;0;1;0.000014;0.000045;0.000000;15;55;0;0;0;htc-cmp002;Tue Mar 21 15:10:20 2023
MultiBN;3DIM;SANTOS;..;instances;3_a_5_75_2.tree;5;10;0;1;0.000032;0.000107;0.000000;11;48;0;0;0;htc-cmp002;Tue Mar 21 15:10:20 2023
MultiBN;3DIM;SANTOS;..;instances;3_a_5_75_3.tree;5;10;0;1;0.000032;0.000119;0.000000;13;56;0;0;0;htc-cmp002;Tue Mar 21 15:10:20 2023
MultiBN;3DIM;SANTOS;..;instances;3_a_5_75_4.tree;5;10;0;1;0.000034;0.000122;0.000000;15;61;0;0;0;htc-cmp003;Tue Mar 21 15:10:20 2023
MultiBN;3DIM;SANTOS;..;instances;3_a_5_75_5.tree;5;10;0;0;0.000010;0.000052;0.000000;25;77;0;0;0;htc-cmp002;Tue Mar 21 15:10:20 2023
MultiBN;3DIM;SANTOS;..;instances;3_a_10_200_2.tree;10;45;1;12;0.000144;0.040985;0.040000;540;14724;0;0;0;htc-cmp002;Tue Mar 21 15:09:05 2023
MultiBN;3DIM;SANTOS;..;instances;3_a_6_120_1.tree;6;15;0;2;0.000042;0.000413;0.000000;32;164;0;0;0;htc-cmp002;Tue Mar 21 15:10:20 2023
MultiBN;3DIM;SANTOS;..;instances;3_a_6_120_2.tree;6;15;0;3;0.000016;0.000197;0.000000;62;261;0;0;0;htc-cmp003;Tue Mar 21 15:10:20 2023
MultiBN;3DIM;SANTOS;..;instances;3_a_6_120_3.tree;6;15;0;3;0.000043;0.000572;0.000000;38;226;0;0;0;htc-cmp002;Tue Mar 21 15:10:20 2023
MultiBN;3DIM;SANTOS;..;instances;3_a_6_120_4.tree;6;15;1;1;0.000017;0.000114;0.000000;50;137;0;0;0;htc-cmp002;Tue Mar 21 15:10:20 2023
MultiBN;3DIM;SANTOS;..;instances;3_a_6_120_5.tree;6;15;0;3;0.000015;0.000129;0.000000;41;190;0;0;0;htc-cmp003;Tue Mar 21 15:10:20 2023
MultiBN;3DIM;SANTOS;..;instances;3_a_6_30_1.tree;6;14;0;1;0.000043;0.000585;0.000000;41;234;0;0;0;htc-cmp002;Tue Mar 21 15:10:20 2023
MultiBN;3DIM;SANTOS;..;instances;3_a_6_30_2.tree;6;14;0;1;0.000016;0.000221;0.000000;65;291;0;0;0;htc-cmp002;Tue Mar 21 15:10:21 2023
MultiBN;3DIM;SANTOS;..;instances;3_a_6_30_3.tree;6;13;0;3;0.000019;0.000085;0.000000;18;89;0;0;0;htc-cmp003;Tue Mar 21 15:10:21 2023
MultiBN;3DIM;SANTOS;..;instances;3_a_6_30_4.tree;6;13;0;0;0.000043;0.000451;0.000000;29;178;0;0;0;htc-cmp002;Tue Mar 21 15:10:21 2023
MultiBN;3DIM;SANTOS;..;instances;3_a_6_30_5.tree;6;15;0;2;0.000043;0.000539;0.000000;46;227;0;0;0;htc-cmp002;Tue Mar 21 15:10:21 2023
MultiBN;3DIM;SANTOS;..;instances;3_a_10_200_3.tree;10;45;0;17;0.000147;0.027090;0.027000;174;11811;0;0;0;htc-cmp002;Tue Mar 21 15:09:05 2023
MultiBN;3DIM;SANTOS;..;instances;3_a_6_60_1.tree;6;15;1;3;0.000043;0.000247;0.000000;31;122;0;0;0;htc-cmp003;Tue Mar 21 15:10:21 2023
MultiBN;3DIM;SANTOS;..;instances;3_a_6_60_2.tree;6;15;0;2;0.000042;0.000520;0.000000;45;203;0;0;0;htc-cmp002;Tue Mar 21 15:10:21 2023
MultiBN;3DIM;SANTOS;..;instances;3_a_6_60_3.tree;6;15;1;3;0.000033;0.000161;0.000000;25;104;0;0;0;htc-cmp002;Tue Mar 21 15:10:21 2023
MultiBN;3DIM;SANTOS;..;instances;3_a_6_60_4.tree;6;15;0;0;0.000050;0.001324;0.001000;96;456;0;0;0;htc-cmp003;Tue Mar 21 15:10:21 2023
MultiBN;3DIM;SANTOS;..;instances;3_a_6_60_5.tree;6;15;0;2;0.000018;0.000215;0.000000;43;206;0;0;0;htc-cmp002;Tue Mar 21 15:10:21 2023
MultiBN;3DIM;SANTOS;..;instances;3_a_6_90_1.tree;6;15;0;2;0.000016;0.000219;0.000000;61;280;0;0;0;htc-cmp002;Tue Mar 21 15:10:21 2023
MultiBN;3DIM;SANTOS;..;instances;3_a_6_90_2.tree;6;15;0;3;0.000017;0.000160;0.000000;52;189;0;0;0;htc-cmp003;Tue Mar 21 15:10:21 2023
MultiBN;3DIM;SANTOS;..;instances;3_a_6_90_3.tree;6;15;2;3;0.000015;0.000029;0.000000;18;44;0;0;0;htc-cmp002;Tue Mar 21 15:10:21 2023
MultiBN;3DIM;SANTOS;..;instances;3_a_6_90_4.tree;6;15;1;1;0.000042;0.000375;0.000000;49;166;0;0;0;htc-cmp002;Tue Mar 21 15:10:21 2023
MultiBN;3DIM;SANTOS;..;instances;3_a_6_90_5.tree;6;15;1;6;0.000020;0.000047;0.000000;16;56;0;0;0;htc-cmp003;Tue Mar 21 15:10:21 2023
MultiBN;3DIM;SANTOS;..;instances;3_a_10_200_4.tree;10;45;0;16;0.000079;0.026370;0.026000;321;12620;0;0;0;htc-cmp003;Tue Mar 21 15:09:05 2023
MultiBN;3DIM;SANTOS;..;instances;3_a_7_105_1.tree;7;20;0;2;0.000026;0.000853;0.000000;92;679;0;0;0;htc-cmp002;Tue Mar 21 15:10:21 2023
MultiBN;3DIM;SANTOS;..;instances;3_a_7_105_2.tree;7;20;0;3;0.000021;0.000406;0.000000;44;477;0;0;0;htc-cmp002;Tue Mar 21 15:10:21 2023
MultiBN;3DIM;SANTOS;..;instances;3_a_7_105_3.tree;7;21;2;8;0.000057;0.000205;0.000000;24;90;0;0;0;htc-cmp003;Tue Mar 21 15:10:21 2023
MultiBN;3DIM;SANTOS;..;instances;3_a_7_105_4.tree;7;21;0;2;0.000025;0.002802;0.002000;216;1640;0;0;0;htc-cmp002;Tue Mar 21 15:10:22 2023
MultiBN;3DIM;SANTOS;..;instances;3_a_7_105_5.tree;7;20;0;1;0.000026;0.001441;0.001000;142;1059;0;0;0;htc-cmp002;Tue Mar 21 15:10:22 2023
MultiBN;3DIM;SANTOS;..;instances;3_a_7_140_1.tree;7;21;0;3;0.000026;0.001237;0.001000;151;909;0;0;0;htc-cmp003;Tue Mar 21 15:10:22 2023
MultiBN;3DIM;SANTOS;..;instances;3_a_7_140_2.tree;7;21;0;6;0.000025;0.000556;0.000000;60;526;0;0;0;htc-cmp002;Tue Mar 21 15:10:22 2023
MultiBN;3DIM;SANTOS;..;instances;3_a_7_140_3.tree;7;21;0;1;0.000037;0.001337;0.001000;102;990;0;0;0;htc-cmp002;Tue Mar 21 15:10:22 2023
MultiBN;3DIM;SANTOS;..;instances;3_a_7_140_4.tree;7;21;0;5;0.000020;0.000473;0.000000;66;543;0;0;0;htc-cmp003;Tue Mar 21 15:10:22 2023
MultiBN;3DIM;SANTOS;..;instances;3_a_7_140_5.tree;7;21;0;2;0.000028;0.000908;0.000000;63;711;0;0;0;htc-cmp002;Tue Mar 21 15:10:22 2023
MultiBN;3DIM;SANTOS;..;instances;3_a_10_200_5.tree;10;45;0;17;0.000108;0.025374;0.025000;188;12739;0;0;0;htc-cmp003;Tue Mar 21 15:09:05 2023
MultiBN;3DIM;SANTOS;..;instances;3_a_7_35_1.tree;7;17;0;1;0.000046;0.003723;0.003000;249;1161;0;0;0;htc-cmp002;Tue Mar 21 15:10:22 2023
MultiBN;3DIM;SANTOS;..;instances;3_a_7_35_2.tree;7;17;1;5;0.000042;0.000291;0.000000;33;175;0;0;0;htc-cmp003;Tue Mar 21 15:10:22 2023
MultiBN;3DIM;SANTOS;..;instances;3_a_7_35_3.tree;7;19;0;3;0.000021;0.000734;0.000000;109;675;0;0;0;htc-cmp002;Tue Mar 21 15:10:22 2023
MultiBN;3DIM;SANTOS;..;instances;3_a_7_35_4.tree;7;19;0;2;0.000057;0.001891;0.001000;89;675;0;0;0;htc-cmp002;Tue Mar 21 15:10:22 2023
MultiBN;3DIM;SANTOS;..;instances;3_a_7_35_5.tree;7;18;2;8;0.000052;0.000107;0.000000;27;56;0;0;0;htc-cmp003;Tue Mar 21 15:10:22 2023
MultiBN;3DIM;SANTOS;..;instances;3_a_7_70_1.tree;7;19;0;4;0.000052;0.001705;0.001000;78;632;0;0;0;htc-cmp002;Tue Mar 21 15:10:22 2023
MultiBN;3DIM;SANTOS;..;instances;3_a_7_70_2.tree;7;19;0;5;0.000052;0.001049;0.001000;41;407;0;0;0;htc-cmp002;Tue Mar 21 15:10:22 2023
MultiBN;3DIM;SANTOS;..;instances;3_a_7_70_3.tree;7;21;0;1;0.000058;0.003482;0.003000;116;1055;0;0;0;htc-cmp003;Tue Mar 21 15:10:22 2023
MultiBN;3DIM;SANTOS;..;instances;3_a_7_70_4.tree;7;21;0;7;0.000019;0.000347;0.000000;37;445;0;0;0;htc-cmp002;Tue Mar 21 15:10:23 2023
MultiBN;3DIM;SANTOS;..;instances;3_a_7_70_5.tree;7;20;0;4;0.000060;0.001776;0.001000;103;613;0;0;0;htc-cmp002;Tue Mar 21 15:10:23 2023
MultiBN;3DIM;SANTOS;..;instances;3_a_10_50_1.tree;10;32;0;7;0.000074;0.030375;0.030000;378;14752;0;0;0;htc-cmp003;Tue Mar 21 15:09:05 2023
MultiBN;3DIM;SANTOS;..;instances;3_a_8_120_1.tree;8;28;0;4;0.000026;0.003228;0.003000;199;2666;0;0;0;htc-cmp003;Tue Mar 21 15:10:23 2023
MultiBN;3DIM;SANTOS;..;instances;3_a_8_120_2.tree;8;28;0;9;0.000082;0.002929;0.002000;112;1109;0;0;0;htc-cmp002;Tue Mar 21 15:10:23 2023
MultiBN;3DIM;SANTOS;..;instances;3_a_8_120_3.tree;8;28;0;4;0.000076;0.008884;0.008000;176;2228;0;0;0;htc-cmp002;Tue Mar 21 15:10:23 2023
MultiBN;3DIM;SANTOS;..;instances;3_a_8_120_4.tree;8;28;0;5;0.000083;0.008897;0.008000;163;2404;0;0;0;htc-cmp003;Tue Mar 21 15:10:23 2023
MultiBN;3DIM;SANTOS;..;instances;3_a_8_120_5.tree;8;27;1;3;0.000070;0.006119;0.006000;249;1575;0;0;0;htc-cmp002;Tue Mar 21 15:10:23 2023
MultiBN;3DIM;SANTOS;..;instances;3_a_8_160_1.tree;8;28;0;7;0.000036;0.003629;0.003000;247;2499;0;0;0;htc-cmp003;Tue Mar 21 15:10:23 2023
MultiBN;3DIM;SANTOS;..;instances;3_a_8_160_2.tree;8;28;2;10;0.000036;0.000284;0.000000;50;251;0;0;0;htc-cmp002;Tue Mar 21 15:10:23 2023
MultiBN;3DIM;SANTOS;..;instances;3_a_8_160_3.tree;8;28;2;8;0.000029;0.000245;0.000000;45;279;0;0;0;htc-cmp002;Tue Mar 21 15:10:23 2023
MultiBN;3DIM;SANTOS;..;instances;3_a_8_160_4.tree;8;28;0;5;0.000034;0.003007;0.003000;123;1943;0;0;0;htc-cmp002;Tue Mar 21 15:10:23 2023
MultiBN;3DIM;SANTOS;..;instances;3_a_8_160_5.tree;8;28;1;5;0.000079;0.006417;0.006000;172;1707;0;0;0;htc-cmp003;Tue Mar 21 15:10:23 2023
MultiBN;3DIM;SANTOS;..;instances;3_a_10_50_2.tree;10;32;0;6;0.000096;0.026272;0.026000;204;9659;0;0;0;htc-cmp003;Tue Mar 21 15:09:06 2023
MultiBN;3DIM;SANTOS;..;instances;3_a_8_40_1.tree;8;23;0;2;0.000048;0.001534;0.001000;74;1310;0;0;0;htc-cmp002;Tue Mar 21 15:10:23 2023
MultiBN;3DIM;SANTOS;..;instances;3_a_8_40_2.tree;8;23;0;5;0.000067;0.003446;0.003000;67;1191;0;0;0;htc-cmp002;Tue Mar 21 15:10:23 2023
MultiBN;3DIM;SANTOS;..;instances;3_a_8_40_3.tree;8;23;0;5;0.000023;0.001876;0.001000;144;1730;0;0;0;htc-cmp003;Tue Mar 21 15:10:23 2023
MultiBN;3DIM;SANTOS;..;instances;3_a_8_40_4.tree;8;23;2;8;0.000022;0.000117;0.000000;38;158;0;0;0;htc-cmp002;Tue Mar 21 15:10:23 2023
MultiBN;3DIM;SANTOS;..;instances;3_a_8_40_5.tree;8;21;0;2;0.000064;0.007126;0.007000;206;2195;0;0;0;htc-cmp002;Tue Mar 21 15:10:23 2023
MultiBN;3DIM;SANTOS;..;instances;3_a_8_80_1.tree;8;28;0;6;0.000027;0.002653;0.002000;189;2423;0;0;0;htc-cmp003;Tue Mar 21 15:10:24 2023
MultiBN;3DIM;SANTOS;..;instances;3_a_8_80_2.tree;8;28;0;8;0.000034;0.002070;0.002000;89;1537;0;0;0;htc-cmp002;Tue Mar 21 15:10:24 2023
MultiBN;3DIM;SANTOS;..;instances;3_a_8_80_3.tree;8;28;0;7;0.000028;0.002929;0.002000;135;2040;0;0;0;htc-cmp002;Tue Mar 21 15:10:24 2023
MultiBN;3DIM;SANTOS;..;instances;3_a_8_80_4.tree;8;28;0;7;0.000025;0.001841;0.001000;113;1830;0;0;0;htc-cmp002;Tue Mar 21 15:10:24 2023
MultiBN;3DIM;SANTOS;..;instances;3_a_8_80_5.tree;8;26;0;7;0.000073;0.004849;0.004000;112;1584;0;0;0;htc-cmp002;Tue Mar 21 15:10:24 2023
MultiBN;3DIM;SANTOS;..;instances;3_a_10_50_3.tree;10;36;0;6;0.000045;0.038576;0.038000;358;17373;0;0;0;htc-cmp003;Tue Mar 21 15:09:06 2023
MultiBN;3DIM;SANTOS;..;instances;3_a_9_135_1.tree;9;35;0;9;0.000042;0.014180;0.014000;346;7048;0;0;0;htc-cmp003;Tue Mar 21 15:10:24 2023
MultiBN;3DIM;SANTOS;..;instances;3_a_9_135_2.tree;9;35;0;9;0.000036;0.008383;0.008000;197;5761;0;0;0;htc-cmp002;Tue Mar 21 15:10:24 2023
MultiBN;3DIM;SANTOS;..;instances;3_a_9_135_3.tree;9;34;0;11;0.000033;0.004805;0.004000;170;4094;0;0;0;htc-cmp002;Tue Mar 21 15:10:24 2023
MultiBN;3DIM;SANTOS;..;instances;3_a_9_135_4.tree;9;34;0;8;0.000043;0.012057;0.012000;242;6555;0;0;0;htc-cmp003;Tue Mar 21 15:10:24 2023
MultiBN;3DIM;SANTOS;..;instances;3_a_9_135_5.tree;9;34;0;8;0.000043;0.012053;0.012000;366;6634;0;0;0;htc-cmp002;Tue Mar 21 15:10:24 2023
MultiBN;3DIM;SANTOS;..;instances;3_a_9_180_1.tree;9;36;0;9;0.000033;0.019238;0.019000;369;9123;0;0;0;htc-cmp002;Tue Mar 21 15:10:24 2023
MultiBN;3DIM;SANTOS;..;instances;3_a_9_180_2.tree;9;36;0;13;0.000111;0.011138;0.011000;142;4245;0;0;0;htc-cmp003;Tue Mar 21 15:10:24 2023
MultiBN;3DIM;SANTOS;..;instances;3_a_9_180_3.tree;9;36;0;10;0.000107;0.020568;0.020000;182;7088;0;0;0;htc-cmp002;Tue Mar 21 15:10:24 2023
MultiBN;3DIM;SANTOS;..;instances;3_a_9_180_4.tree;9;36;0;11;0.000038;0.007498;0.007000;198;5094;0;0;0;htc-cmp002;Tue Mar 21 15:10:24 2023
MultiBN;3DIM;SANTOS;..;instances;3_a_9_180_5.tree;9;35;0;8;0.000079;0.014655;0.014000;263;5982;0;0;0;htc-cmp003;Tue Mar 21 15:10:24 2023
MultiBN;3DIM;SANTOS;..;instances;3_a_10_50_4.tree;10;36;0;10;0.000033;0.017658;0.017000;223;11352;0;0;0;htc-cmp003;Tue Mar 21 15:09:06 2023
MultiBN;3DIM;SANTOS;..;instances;3_a_9_45_1.tree;9;28;1;6;0.000027;0.003496;0.003000;165;2545;0;0;0;htc-cmp002;Tue Mar 21 15:10:25 2023
MultiBN;3DIM;SANTOS;..;instances;3_a_9_45_2.tree;9;28;0;5;0.000081;0.021727;0.021000;421;7517;0;0;0;htc-cmp002;Tue Mar 21 15:10:25 2023
MultiBN;3DIM;SANTOS;..;instances;3_a_9_45_3.tree;9;26;1;4;0.000074;0.006502;0.006000;143;1891;0;0;0;htc-cmp003;Tue Mar 21 15:10:25 2023
MultiBN;3DIM;SANTOS;..;instances;3_a_9_45_4.tree;9;26;0;2;0.000024;0.007645;0.007000;184;4618;0;0;0;htc-cmp002;Tue Mar 21 15:10:25 2023
MultiBN;3DIM;SANTOS;..;instances;3_a_9_45_5.tree;9;25;0;0;0.000055;0.023270;0.023000;363;7609;0;0;0;htc-cmp002;Tue Mar 21 15:10:25 2023
MultiBN;3DIM;SANTOS;..;instances;3_a_9_90_1.tree;9;33;0;8;0.000094;0.018925;0.018000;243;5979;0;0;0;htc-cmp003;Tue Mar 21 15:10:25 2023
MultiBN;3DIM;SANTOS;..;instances;3_a_9_90_2.tree;9;33;2;7;0.000092;0.009578;0.009000;272;2351;0;0;0;htc-cmp002;Tue Mar 21 15:10:25 2023
MultiBN;3DIM;SANTOS;..;instances;3_a_9_90_3.tree;9;33;0;6;0.000033;0.015280;0.015000;317;7489;0;0;0;htc-cmp002;Tue Mar 21 15:10:25 2023
MultiBN;3DIM;SANTOS;..;instances;3_a_9_90_4.tree;9;33;0;9;0.000035;0.006537;0.006000;187;4665;0;0;0;htc-cmp003;Tue Mar 21 15:10:25 2023
MultiBN;3DIM;SANTOS;..;instances;3_a_9_90_5.tree;9;32;0;5;0.000039;0.013865;0.013000;366;7324;0;0;0;htc-cmp002;Tue Mar 21 15:10:25 2023
MultiBN;3DIM;SANTOS;..;instances;3_a_10_50_5.tree;10;33;0;3;0.000033;0.033958;0.033000;378;17612;0;0;0;htc-cmp003;Tue Mar 21 15:09:06 2023
MultiBN;3DIM;SANTOS;..;instances;3_a_10_100_2.tree;10;42;0;15;0.000076;0.014172;0.014000;138;7129;0;0;0;htc-cmp002;Tue Mar 21 15:09:05 2023
MultiBN;3DIM;SANTOS;..;instances;3_a_11_110_1.tree;11;49;1;12;0.000117;0.058959;0.058000;453;23298;0;0;0;htc-cmp002;Tue Mar 21 15:09:06 2023
MultiBN;3DIM;SANTOS;..;instances;3_a_11_110_2.tree;11;49;1;16;0.000160;0.051141;0.051000;355;20026;0;0;0;htc-cmp002;Tue Mar 21 15:09:06 2023
MultiBN;3DIM;SANTOS;..;instances;3_a_11_110_3.tree;11;50;0;16;0.000160;0.122114;0.122000;457;41603;0;0;0;htc-cmp002;Tue Mar 21 15:09:06 2023
MultiBN;3DIM;SANTOS;..;instances;3_a_11_110_4.tree;11;50;0;13;0.000048;0.133060;0.133000;561;43990;0;0;0;htc-cmp002;Tue Mar 21 15:09:06 2023
MultiBN;3DIM;SANTOS;..;instances;3_a_11_110_5.tree;11;49;0;13;0.000160;0.176084;0.176000;521;48407;0;0;0;htc-cmp003;Tue Mar 21 15:09:06 2023
MultiBN;3DIM;SANTOS;..;instances;3_a_11_165_1.tree;11;53;0;15;0.000058;0.066150;0.066000;191;32561;0;0;0;htc-cmp003;Tue Mar 21 15:09:06 2023
MultiBN;3DIM;SANTOS;..;instances;3_a_11_165_2.tree;11;53;0;14;0.000164;0.419599;0.419000;727;76364;0;0;0;htc-cmp003;Tue Mar 21 15:09:06 2023
MultiBN;3DIM;SANTOS;..;instances;3_a_11_165_3.tree;11;51;0;15;0.000050;0.212433;0.212000;743;53790;0;0;0;htc-cmp003;Tue Mar 21 15:09:06 2023
MultiBN;3DIM;SANTOS;..;instances;3_a_11_165_4.tree;11;51;0;19;0.000166;0.075584;0.075000;303;28006;0;0;0;htc-cmp002;Tue Mar 21 15:09:06 2023
MultiBN;3DIM;SANTOS;..;instances;3_a_11_165_5.tree;11;51;1;10;0.000048;0.206702;0.206000;898;43061;0;0;0;htc-cmp002;Tue Mar 21 15:09:06 2023
MultiBN;3DIM;SANTOS;..;instances;3_a_10_100_3.tree;10;42;0;6;0.000130;0.090451;0.090000;591;25999;0;0;0;htc-cmp002;Tue Mar 21 15:09:05 2023
MultiBN;3DIM;SANTOS;..;instances;3_a_11_220_1.tree;11;53;0;16;0.000175;0.249765;0.249000;637;60457;0;0;0;htc-cmp002;Tue Mar 21 15:09:06 2023
MultiBN;3DIM;SANTOS;..;instances;3_a_11_220_2.tree;11;53;1;17;0.000188;0.086939;0.086000;452;28393;0;0;0;htc-cmp002;Tue Mar 21 15:09:06 2023
MultiBN;3DIM;SANTOS;..;instances;3_a_11_220_3.tree;11;54;0;14;0.000177;0.266099;0.266000;767;63906;0;0;0;htc-cmp002;Tue Mar 21 15:09:06 2023
MultiBN;3DIM;SANTOS;..;instances;3_a_11_220_4.tree;11;54;0;18;0.000058;0.078843;0.078000;360;32834;0;0;0;htc-cmp003;Tue Mar 21 15:09:06 2023
MultiBN;3DIM;SANTOS;..;instances;3_a_11_220_5.tree;11;53;0;9;0.000070;1.026914;1.026000;1436;112853;0;0;0;htc-cmp003;Tue Mar 21 15:09:07 2023
MultiBN;3DIM;SANTOS;..;instances;3_a_11_55_1.tree;11;34;1;6;0.000045;0.028240;0.028000;300;15590;0;0;0;htc-cmp002;Tue Mar 21 15:09:06 2023
MultiBN;3DIM;SANTOS;..;instances;3_a_11_55_2.tree;11;34;0;3;0.000106;0.152688;0.152000;753;45716;0;0;0;htc-cmp002;Tue Mar 21 15:09:06 2023
MultiBN;3DIM;SANTOS;..;instances;3_a_11_55_3.tree;11;36;1;11;0.000123;0.023949;0.023000;342;9937;0;0;0;htc-cmp003;Tue Mar 21 15:09:06 2023
MultiBN;3DIM;SANTOS;..;instances;3_a_11_55_4.tree;11;36;0;4;0.000110;0.121867;0.121000;521;39342;0;0;0;htc-cmp002;Tue Mar 21 15:09:06 2023
MultiBN;3DIM;SANTOS;..;instances;3_a_11_55_5.tree;11;33;0;3;0.000103;0.055167;0.055000;205;24292;0;0;0;htc-cmp003;Tue Mar 21 15:09:06 2023
MultiBN;3DIM;SANTOS;..;instances;3_a_10_100_4.tree;10;42;0;13;0.000134;0.031137;0.031000;281;12254;0;0;0;htc-cmp002;Tue Mar 21 15:09:05 2023
MultiBN;3DIM;SANTOS;..;instances;3_a_12_120_1.tree;12;58;0;15;0.000064;1.060235;1.060000;1085;163605;0;0;0;htc-cmp002;Tue Mar 21 15:09:07 2023
MultiBN;3DIM;SANTOS;..;instances;3_a_12_120_2.tree;12;58;0;12;0.000197;1.388054;1.387000;1094;195513;0;0;0;htc-cmp003;Tue Mar 21 15:09:08 2023
MultiBN;3DIM;SANTOS;..;instances;3_a_12_120_3.tree;12;58;0;17;0.000210;0.604731;0.604000;835;121441;0;0;0;htc-cmp003;Tue Mar 21 15:09:07 2023
MultiBN;3DIM;SANTOS;..;instances;3_a_12_120_4.tree;12;58;0;20;0.000083;0.485657;0.485000;847;109428;0;0;0;htc-cmp003;Tue Mar 21 15:09:07 2023
MultiBN;3DIM;SANTOS;..;instances;3_a_12_120_5.tree;12;55;1;17;0.000187;0.309986;0.309000;953;69749;0;0;0;htc-cmp002;Tue Mar 21 15:09:07 2023
MultiBN;3DIM;SANTOS;..;instances;3_a_12_180_1.tree;12;62;0;21;0.000069;0.846660;0.846000;1188;147260;0;0;0;htc-cmp002;Tue Mar 21 15:09:07 2023
MultiBN;3DIM;SANTOS;..;instances;3_a_12_180_2.tree;12;62;1;19;0.000068;0.281993;0.281000;654;69652;0;0;0;htc-cmp002;Tue Mar 21 15:09:07 2023
MultiBN;3DIM;SANTOS;..;instances;3_a_12_180_3.tree;12;63;0;18;0.000064;1.444204;1.443000;908;193640;0;0;0;htc-cmp002;Tue Mar 21 15:09:09 2023
MultiBN;3DIM;SANTOS;..;instances;3_a_12_180_4.tree;12;63;0;13;0.000065;4.534134;4.533000;2162;320486;0;0;0;htc-cmp002;Tue Mar 21 15:09:12 2023
MultiBN;3DIM;SANTOS;..;instances;3_a_12_180_5.tree;12;60;0;14;0.000187;1.068990;1.068000;1094;167584;0;0;0;htc-cmp003;Tue Mar 21 15:09:08 2023
MultiBN;3DIM;SANTOS;..;instances;3_a_10_100_5.tree;10;44;0;12;0.000134;0.086767;0.086000;631;25996;0;0;0;htc-cmp002;Tue Mar 21 15:09:05 2023
MultiBN;3DIM;SANTOS;..;instances;3_a_12_240_1.tree;12;64;0;24;0.000240;0.608656;0.608000;761;119191;0;0;0;htc-cmp003;Tue Mar 21 15:09:08 2023
MultiBN;3DIM;SANTOS;..;instances;3_a_12_240_2.tree;12;64;0;26;0.000083;0.646872;0.646000;994;121516;0;0;0;htc-cmp003;Tue Mar 21 15:09:08 2023
MultiBN;3DIM;SANTOS;..;instances;3_a_12_240_3.tree;12;66;1;25;0.000244;0.420352;0.420000;1054;81679;0;0;0;htc-cmp002;Tue Mar 21 15:09:08 2023
MultiBN;3DIM;SANTOS;..;instances;3_a_12_240_4.tree;12;66;0;21;0.000241;1.550976;1.550000;1107;202102;0;0;0;htc-cmp002;Tue Mar 21 15:09:09 2023
MultiBN;3DIM;SANTOS;..;instances;3_a_12_240_5.tree;12;64;0;17;0.000216;2.686541;2.686000;1241;235713;0;0;0;htc-cmp003;Tue Mar 21 15:09:11 2023
MultiBN;3DIM;SANTOS;..;instances;3_a_12_60_1.tree;12;40;0;10;0.000128;0.133710;0.133000;324;49854;0;0;0;htc-cmp003;Tue Mar 21 15:09:08 2023
MultiBN;3DIM;SANTOS;..;instances;3_a_12_60_2.tree;12;40;1;8;0.000052;0.057326;0.057000;198;28358;0;0;0;htc-cmp003;Tue Mar 21 15:09:08 2023
MultiBN;3DIM;SANTOS;..;instances;3_a_12_60_3.tree;12;39;0;7;0.000041;0.274163;0.274000;588;79044;0;0;0;htc-cmp002;Tue Mar 21 15:09:09 2023
MultiBN;3DIM;SANTOS;..;instances;3_a_12_60_4.tree;12;39;1;8;0.000038;0.137966;0.137000;583;41629;0;0;0;htc-cmp003;Tue Mar 21 15:09:09 2023
MultiBN;3DIM;SANTOS;..;instances;3_a_12_60_5.tree;12;38;0;6;0.000048;0.200949;0.200000;531;60839;0;0;0;htc-cmp003;Tue Mar 21 15:09:09 2023
MultiBN;3DIM;SANTOS;..;instances;3_a_10_150_1.tree;10;43;0;11;0.000124;0.110121;0.110000;587;31811;0;0;0;htc-cmp003;Tue Mar 21 15:09:05 2023
MultiBN;3DIM;SANTOS;..;instances;3_a_13_130_1.tree;13;62;0;17;0.000068;3.563388;3.563000;1203;396779;0;0;0;htc-cmp003;Tue Mar 21 15:09:12 2023
MultiBN;3DIM;SANTOS;..;instances;3_a_13_130_2.tree;13;62;1;27;0.000079;0.357547;0.357000;689;91315;0;0;0;htc-cmp002;Tue Mar 21 15:09:09 2023
MultiBN;3DIM;SANTOS;..;instances;3_a_13_130_3.tree;13;64;1;23;0.000228;0.455922;0.455000;644;98909;0;0;0;htc-cmp002;Tue Mar 21 15:09:09 2023
MultiBN;3DIM;SANTOS;..;instances;3_a_13_130_4.tree;13;64;0;15;0.000069;5.383911;5.383000;1372;427597;0;0;0;htc-cmp003;Tue Mar 21 15:09:14 2023
MultiBN;3DIM;SANTOS;..;instances;3_a_13_130_5.tree;13;59;0;19;0.000194;1.506133;1.506000;862;240817;0;0;0;htc-cmp003;Tue Mar 21 15:09:10 2023
MultiBN;3DIM;SANTOS;..;instances;3_a_13_195_1.tree;13;71;1;20;0.000111;1.241783;1.241000;810;187514;0;0;0;htc-cmp002;Tue Mar 21 15:09:11 2023
MultiBN;3DIM;SANTOS;..;instances;3_a_13_195_2.tree;13;71;1;24;0.000086;1.161092;1.160000;1001;165682;0;0;0;htc-cmp002;Tue Mar 21 15:09:11 2023
MultiBN;3DIM;SANTOS;..;instances;3_a_13_195_3.tree;13;73;0;20;0.000106;5.440353;5.439000;986;426175;0;0;0;htc-cmp002;Tue Mar 21 15:09:15 2023
MultiBN;3DIM;SANTOS;..;instances;3_a_13_195_4.tree;13;73;0;21;0.000109;20.891514;20.889000;2489;723609;0;0;0;htc-cmp003;Tue Mar 21 15:09:32 2023
MultiBN;3DIM;SANTOS;..;instances;3_a_13_195_5.tree;13;71;0;24;0.000270;6.631259;6.630000;1420;468756;0;0;0;htc-cmp002;Tue Mar 21 15:09:18 2023
MultiBN;3DIM;SANTOS;..;instances;3_a_10_150_2.tree;10;43;0;7;0.000135;0.093387;0.093000;669;26531;0;0;0;htc-cmp003;Tue Mar 21 15:09:05 2023
MultiBN;3DIM;SANTOS;..;instances;3_a_13_260_1.tree;13;75;1;19;0.000112;5.144092;5.143000;2286;317904;0;0;0;htc-cmp002;Tue Mar 21 15:09:16 2023
MultiBN;3DIM;SANTOS;..;instances;3_a_13_260_2.tree;13;75;0;23;0.000084;6.800107;6.799000;1454;490245;0;0;0;htc-cmp003;Tue Mar 21 15:09:18 2023
MultiBN;3DIM;SANTOS;..;instances;3_a_13_260_3.tree;13;77;0;31;0.000120;3.155645;3.155000;1460;347345;0;0;0;htc-cmp002;Tue Mar 21 15:09:15 2023
MultiBN;3DIM;SANTOS;..;instances;3_a_13_260_4.tree;13;77;0;27;0.000093;13.342180;13.341000;2385;607236;0;0;0;htc-cmp003;Tue Mar 21 15:09:26 2023
MultiBN;3DIM;SANTOS;..;instances;3_a_13_260_5.tree;13;76;0;27;0.000092;4.233498;4.232000;1244;385046;0;0;0;htc-cmp003;Tue Mar 21 15:09:19 2023
MultiBN;3DIM;SANTOS;..;instances;3_a_13_65_1.tree;13;42;0;7;0.000046;0.709709;0.709000;653;167827;0;0;0;htc-cmp002;Tue Mar 21 15:09:16 2023
MultiBN;3DIM;SANTOS;..;instances;3_a_13_65_2.tree;13;42;0;9;0.000045;0.522300;0.522000;691;131810;0;0;0;htc-cmp002;Tue Mar 21 15:09:16 2023
MultiBN;3DIM;SANTOS;..;instances;3_a_13_65_3.tree;13;45;1;11;0.000048;0.119374;0.119000;348;49444;0;0;0;htc-cmp002;Tue Mar 21 15:09:17 2023
MultiBN;3DIM;SANTOS;..;instances;3_a_13_65_4.tree;13;45;0;9;0.000050;0.799160;0.799000;740;172922;0;0;0;htc-cmp002;Tue Mar 21 15:09:17 2023
MultiBN;3DIM;SANTOS;..;instances;3_a_13_65_5.tree;13;44;0;3;0.000141;2.689959;2.689000;1387;308111;0;0;0;htc-cmp002;Tue Mar 21 15:09:19 2023
MultiBN;3DIM;SANTOS;..;instances;3_a_10_150_3.tree;10;44;0;9;0.000136;0.069468;0.069000;615;23144;0;0;0;htc-cmp003;Tue Mar 21 15:09:05 2023
MultiBN;3DIM;SANTOS;..;instances;3_a_14_140_1.tree;14;69;0;17;0.000082;9.879098;9.877000;1360;727931;0;0;0;htc-cmp002;Tue Mar 21 15:09:27 2023
MultiBN;3DIM;SANTOS;..;instances;3_a_14_140_2.tree;14;69;0;18;0.000272;8.202941;8.202000;1219;678543;0;0;0;htc-cmp002;Tue Mar 21 15:09:26 2023
MultiBN;3DIM;SANTOS;..;instances;3_a_14_140_3.tree;14;72;1;17;0.000262;10.372278;10.371000;2192;548380;0;0;0;htc-cmp002;Tue Mar 21 15:09:28 2023
MultiBN;3DIM;SANTOS;..;instances;3_a_14_140_4.tree;14;72;0;16;0.000078;23.694522;23.692000;2141;1086689;0;0;0;htc-cmp003;Tue Mar 21 15:09:42 2023
MultiBN;3DIM;SANTOS;..;instances;3_a_14_140_5.tree;14;70;0;23;0.000257;15.001387;14.990000;1633;888103;0;0;0;htc-cmp003;Tue Mar 21 15:09:34 2023
MultiBN;3DIM;SANTOS;..;instances;3_a_14_210_1.tree;14;80;0;18;0.000124;64.284963;64.278000;2398;1762301;0;0;0;htc-cmp002;Tue Mar 21 15:10:24 2023
MultiBN;3DIM;SANTOS;..;instances;3_a_14_210_2.tree;14;80;0;22;0.000298;72.563546;72.556000;2997;1874342;0;0;0;htc-cmp002;Tue Mar 21 15:10:39 2023
MultiBN;3DIM;SANTOS;..;instances;3_a_14_210_3.tree;14;85;1;31;0.000101;13.900163;13.899000;1912;710787;0;0;0;htc-cmp003;Tue Mar 21 15:09:41 2023
MultiBN;3DIM;SANTOS;..;instances;3_a_14_210_4.tree;14;85;0;32;0.000140;12.515053;12.514000;1571;858848;0;0;0;htc-cmp002;Tue Mar 21 15:09:40 2023
MultiBN;3DIM;SANTOS;..;instances;3_a_14_210_5.tree;14;81;0;26;0.000097;42.003972;41.999000;2540;1368131;0;0;0;htc-cmp002;Tue Mar 21 15:10:11 2023
MultiBN;3DIM;SANTOS;..;instances;3_a_10_150_4.tree;10;44;0;6;0.000128;0.326283;0.326000;1163;49058;0;0;0;htc-cmp003;Tue Mar 21 15:09:05 2023
MultiBN;3DIM;SANTOS;..;instances;3_a_14_280_1.tree;14;86;0;27;0.000325;91.083029;91.076000;3708;1892355;0;0;0;htc-cmp003;Tue Mar 21 15:11:04 2023
MultiBN;3DIM;SANTOS;..;instances;3_a_14_280_2.tree;14;86;0;31;0.000101;23.409391;23.407000;1873;1121916;0;0;0;htc-cmp003;Tue Mar 21 15:09:59 2023
MultiBN;3DIM;SANTOS;..;instances;3_a_14_280_3.tree;14;87;0;29;0.000347;36.383500;36.379000;2008;1391120;0;0;0;htc-cmp002;Tue Mar 21 15:10:17 2023
MultiBN;3DIM;SANTOS;..;instances;3_a_14_280_4.tree;14;87;0;29;0.000327;49.302129;49.297000;2582;1472602;0;0;0;htc-cmp003;Tue Mar 21 15:10:31 2023
MultiBN;3DIM;SANTOS;..;instances;3_a_14_280_5.tree;14;89;0;33;0.000266;43.019076;43.015000;2543;1444701;0;0;0;htc-cmp003;Tue Mar 21 15:10:27 2023
MultiBN;3DIM;SANTOS;..;instances;3_a_14_70_1.tree;14;51;0;4;0.000169;8.781798;8.781000;1407;745962;0;0;0;htc-cmp003;Tue Mar 21 15:10:09 2023
MultiBN;3DIM;SANTOS;..;instances;3_a_14_70_2.tree;14;51;0;10;0.000072;5.383483;5.380000;1462;520454;0;0;0;htc-cmp003;Tue Mar 21 15:10:15 2023
MultiBN;3DIM;SANTOS;..;instances;3_a_14_70_3.tree;14;49;0;5;0.000051;5.923963;5.923000;1383;582459;0;0;0;htc-cmp002;Tue Mar 21 15:10:18 2023
MultiBN;3DIM;SANTOS;..;instances;3_a_14_70_4.tree;14;49;1;7;0.000131;1.304515;1.304000;737;227481;0;0;0;htc-cmp003;Tue Mar 21 15:10:17 2023
MultiBN;3DIM;SANTOS;..;instances;3_a_14_70_5.tree;14;52;1;8;0.000079;1.266499;1.266000;526;232488;0;0;0;htc-cmp003;Tue Mar 21 15:10:19 2023
MultiBN;3DIM;SANTOS;..;instances;3_a_10_150_5.tree;10;45;0;11;0.000059;0.066354;0.066000;499;23101;0;0;0;htc-cmp002;Tue Mar 21 15:09:05 2023
